CHR_ID,CHR_POS,STRONGEST SNP-RISK ALLELE,CONTEXT,MAPPED_TRAIT,mutated_sequence,start_position,end_position,variants
1,1351675,rs186507655-A,regulatory_region_variant,"lung carcinoma, estrogen-receptor negative breast cancer, ovarian endometrioid carcinoma, colorectal cancer, prostate carcinoma, ovarian serous carcinoma, breast carcinoma, ovarian carcinoma, lung adenocarcinoma, squamous cell lung carcinoma",TGCGGTGGGGTCCCTTGGTTCCCGTCCCCAGGAAGCCGGCGAGATGGAACTGGCATCTATCGGGCCCTGACCGTGCTGGGGGCTGCACCGGCTCGGAAAGAAACCGATCAGTGCAGGCACCAGTGCTTGACGGTCAGCTTGGGCCTGGGATCCTGACCCTGCACCCGGGCTCTGAGAGGGAGAACTGTGGCGTTTGCTCAGCCAAGCCCAGACAGCTTAGCCGCCAGCCCCCTCCACCTTCCCGCAGCCCTTCTCTTCCCCAGAGGTCAGAAGCCAGGCAGGAAGACCTAAGAGGGGCTATCTGTTGAGGCCCCAGGGAGGGAGGAAGCCTGTCCCTGCCCTGAGGGCCTGACCCCAGGCTAGGTCTCAAGAGAGGCTGGAAGCCAGAGGCCTGAGGCCAGTCCCGTTGCTGACGCGGATGTGGTCCAGCTGGGGCCCTGACAGGTGTGGC,1351466,1351916,"[1351675, 'G', 'A']"
1,155212373,rs2075570-T,splice_polypyrimidine_tract_variant,"lung carcinoma, estrogen-receptor negative breast cancer, ovarian endometrioid carcinoma, colorectal cancer, prostate carcinoma, ovarian serous carcinoma, breast carcinoma, ovarian carcinoma, lung adenocarcinoma, squamous cell lung carcinoma",TACAATGCTGATTATGATCTGTCAGCTCGGCAAGGGGCAGACACCCTGGCCTTCATGTCTCTCCTGGAGGAGAAGTTGCTCCCGGTGCTGGTGAGTGTGCCCAGACCTCCCAGCATCCATGGCCAGCCGGGGAGGGTTCGGGAACACACAGACCCACACACAGGCTCAGGAAAGCATGGGGGTCAGAAGCCCACCTTGAATCAGACAGGTGCACTGGCTCAGACCTACCTGTTTCTTCCTGCCTACCCAATCCAGGTACATACTTTTTGGATAGACACCAAGAACTACGTGGAAGTGACCCGGAAGTGGTATGCAGAGGCTATGCCCTTTCCCCTCAACTTCTTCCTGCCTGGCCGCATGCAGCGGCAGTACATGGAACGGCTACAGCTGCTGACTGGGGAGCACAGGCCTGAGGACGAGGAAGAGCTGGAGAAGGAGGTAGCTCTGAGACCGGGGGCTATTGTATGAGATGAGCC,155212130,155212605,"[155212373, 'C', 'T']"
3,27285723,rs481519-T,intron_variant,"lung carcinoma, estrogen-receptor negative breast cancer, ovarian endometrioid carcinoma, colorectal cancer, prostate carcinoma, ovarian serous carcinoma, breast carcinoma, ovarian carcinoma, lung adenocarcinoma, squamous cell lung carcinoma",GCAAAAAAAAAAAAACAAACAAACAAACAAAAAAAAACAAAACTGGACTTCTCCAGGTTTTATCTTACAGATACAGAGAACTTCATGACTGATTGTGTTTGTCTTTTTGCTTTGGATGCCAAAAAACAAAGGAGCAAATTCTACTTCCTCCTCTAAAACCAATAGGGTTTATTAACAATGGGATGTGATATGTGTCTTTTGAAACTTTGGGATGTATACAAAATATGTGTGTAGAAAATGTTGACAAAAATGGAATCATGTTCTGTAATTTATGCTTTTTTTCATTAAGCAGCCTTATATTTCAGTACACACAGATCCATACCATTCTTTCTGCTGGTTGTATGGTATTGCACAATATGGGTATACCATAATTTATTTAATCATTTTCCTACAGATAGACATTTATATTGTTTCC,27285518,27285932,"[27285723, 'C', 'T']"
4,105140377,rs7679673-A,intron_variant,"lung carcinoma, estrogen-receptor negative breast cancer, ovarian endometrioid carcinoma, colorectal cancer, prostate carcinoma, ovarian serous carcinoma, breast carcinoma, ovarian carcinoma, lung adenocarcinoma, squamous cell lung carcinoma",ATATAGGGTGTCTGTCGGAAAGGGAATAATTTAACTTACTGGGGCCTAAACATTGTTTAATCTCTATAGGTCTTCCTTCCAGGAAGAATTGCACTAACTGTTAGCATGATGCCAGATAATAACACTCATAAACTATTGCATGACTATTATTTTGGAAAAAGAAAAAAAATCATATTCAACTGGTCTAATTGCCAAGATTATAGGAATGGCTTAAAAACTTTAAAATTTTTGACAAAACTCTATCAGTAGAATTTTCCCATGAGAATAACAACAACAACAAAACAGAATATTCTTCACACATGGAACTCAGGCAATGTTCAGTACTTCTTTCTCCCCACTGCTTCAGGGCATTGTTCCTGTCACTTACATTTCCCCCTAATCATTCTTATTCACTACTGATGATCTGAGTCATTCTTCAGCTGCTAATTATGTCTTCCTCAATTTTTTGACCTATCACAAGAGA,105140143,105140605,"[105140377, 'C', 'A']"
5,1282299,rs7725218-A,intron_variant,"lung carcinoma, estrogen-receptor negative breast cancer, ovarian endometrioid carcinoma, colorectal cancer, prostate carcinoma, ovarian serous carcinoma, breast carcinoma, ovarian carcinoma, lung adenocarcinoma, squamous cell lung carcinoma",CAAAAAAGAAAAAAAAAAGAGAGAGAGAATCAGACCCACATCCCAGGGAAAGGCAAGGAGGCTAGTGGTAGTGTTTCCATCTAATTTAAATCCCTTCTGCTTTACAAACCCTAGAGACCACTTGGCACAAACTCCTGATTTTACAAGTAAGAGAACGTGAGCTCCAGGCAGTCAGAGCCTTGCACAGAATCCACTTGGACCAGGCCTGTGACAGGGCCCCTGGCTCCCAGCCCAGAGCTGCACAGCCAGGGAAGCACAGGCAAGTGGAGACAGGCGCATGCTGAGGCCGGGCTGGTGTTCCAGGACTTCGAGAAGCAGAGGCCTGGCGTGGGGATACAGTACCTGATTCCAATGCTTTGCAACTTGCTCCAGACACTCTTCCGGTAGAAAAAGAGCCTGTTCTTTTGAAACGTG,1282087,1282500,"[1282299, 'G', 'A']"
5,56737113,rs1862626-T,intergenic_variant,"lung carcinoma, estrogen-receptor negative breast cancer, ovarian endometrioid carcinoma, colorectal cancer, prostate carcinoma, ovarian serous carcinoma, breast carcinoma, ovarian carcinoma, lung adenocarcinoma, squamous cell lung carcinoma",GGGCAGAGGGCAAGAAGGGTTACAGGAAGGGGACCAGTTGATGGGTGGTGATGAGGCGATTTGAAGTCCAAATAATGGAAAAGTGGAGGTGAAGGATAAAGGAATAAGAAAGACATTGAGGAAGACAGGGCAGGGCCTCTTCCAGCCCATACAGCACCTTCGTACAAGTTAGAAAAAGGCACCACTTCCTCTGAGCACACACAAACCCATGCAAGAGTGCATGGCTAGATTTCAGCCTGTGCTCTTCCCTTCAGCCAGGTAATCTTCCAGAAGGCACAGCTTGCATGATACCATACATGGGGGCCCAGGAAAAAATGTGGGTAAGAGATTGAAAGGCCAAAATGGGGAACTTTAGAAGTACTGGAAGGAAAAAAAAAAAGTCATGGATGCTTCTGGTAGCATACAGGAAATCCTGTTTGAATCATAGAGCTTT,56736883,56737315,"[56737113, 'G', 'T']"
7,18935100,rs147680653-G,intron_variant,"lung carcinoma, estrogen-receptor negative breast cancer, ovarian endometrioid carcinoma, colorectal cancer, prostate carcinoma, ovarian serous carcinoma, breast carcinoma, ovarian carcinoma, lung adenocarcinoma, squamous cell lung carcinoma",AAAAAACTGGAATTTGGTGATAACAAGAAAACCAACTCTCTGCCAATAGAAGAATGGGTAACCTCTGTTGACATATAATGGCCTACTAGACAGCAAAAAAACTATAGCTACAGGGATCAACAAAGATGAGCTAACAAAATACATGAAAATAGCAAGTTGCAAAAGTGTAAAACCATTTTTATAAAGTTGAAAAACAAGGAAATTTAGAAAAGGAAAGCAATGGAAGTATAAACTCAGGATCCTGATCTCCCACAAGGAGGAGGATAGCTACTGTCAGAGAAAGGCACATGGGGGTTGAAAAAGTGTTGCTAACTTAATTTTCCTTAAGTTGGAAGGTAAAAAAGCAGATATTTGTCATATTATTGTATTTTATAACTCGTATAGATGTTATTCATATTTTGCATTTATCAAATGTTTCATAATAAAATAATGCTTATAAAAT,18934875,18935316,"[18935100, 'T', 'G']"
7,79974067,rs115707823-A,non_coding_transcript_exon_variant,"lung carcinoma, estrogen-receptor negative breast cancer, ovarian endometrioid carcinoma, colorectal cancer, prostate carcinoma, ovarian serous carcinoma, breast carcinoma, ovarian carcinoma, lung adenocarcinoma, squamous cell lung carcinoma",TCTTCCCACATGGCAGTAGCATTTTTCATTCCCACGAGCAAAGAATGACAGTTCCTGTTGTTCCACATCCTTGTCAGCATTTGGCTTTGTCAGTGTTCTGGATTTGGGCCATTCTAGTAGGTGTATAGCAGTACTTCATTGTTTTAATTTGCACTTCCTGATGACATATTATGTTAACCATGGGTTTCCATATGTTTATATACCATCTATATATCCTATGTGATGAGATATATTTTGATCTTTTGGTTATATTTTTATTGGGTGGTTTATTTTCTTATTGAGTTTTAACTGTTCTTTGTGTACTTTGGATGCCAGTTCTTCATCAGATTGGCATTTTGCAAAGATTTTCTCTTAGTGTTTGGCTTAAAGGACTAATTTTCAAACAGTTTTTAAACTTTTTATTCTGTA,79973866,79974273,"[79974067, 'G', 'A']"
9,22062135,rs1011970-T,intron_variant,"lung carcinoma, estrogen-receptor negative breast cancer, ovarian endometrioid carcinoma, colorectal cancer, prostate carcinoma, ovarian serous carcinoma, breast carcinoma, ovarian carcinoma, lung adenocarcinoma, squamous cell lung carcinoma",TATTTTTATCCTCATATTATCAGATATGACACATTCATAATTTAAACAGAAGCCTACGAAGAACTCATAAATTAAAAGAAGATAATCTTTTCACAAGGTAACAAATTTTGGAACAATTTTTTAGAGTCTCTAGACATCTGTTACTGACGTTGTGAGTGAAATGGGTCTGTGAAGGGAAGATACAGGTGGAACTGGGCCAGTGTTTTCAGAGGACCATGATATTTCTATATCTCTGCTGGCTCCCTATCAGTTCTAGAGCTAGTTCAAGTGAAGCCTCCATAACCTCTGGACAATAAAAATGCACCATGCTATTGTTAGCATGATGAATGAATTTATTTTTGTTTAGCTTACAGAAAGTTAGTAGTTTTCAAAAGGGTCTTTATGTATACAATTGAAGATACTACATTCTTGAAAAGGAAATCTTTACAGCATACAGGTCCCT,22061930,22062371,"[22062135, 'G', 'T']"
10,121575416,rs11200014-A,intron_variant,"lung carcinoma, estrogen-receptor negative breast cancer, ovarian endometrioid carcinoma, colorectal cancer, prostate carcinoma, ovarian serous carcinoma, breast carcinoma, ovarian carcinoma, lung adenocarcinoma, squamous cell lung carcinoma",TATATTGTTGCCCATGAGAAAATAAAAATGCACACAGAGTAAAGAGCCTAAGAATGCACTTACTGAGGAGTGAGTCACCGTGTCTCCCAATGTCCCCACCCACAGTGGAAATCCGCACTCCCTGTTTTGTCAGTATCCCTCTTGCTTTTGATCTGATGTTTTCGGCTGTTCATGACAGTGTTCTCCAAAAAAAGATGCACAGAGGGAAGATTTTCTCTCTGGTCCCAACACGTGTATTAAAGTCATATTTCATGAGTGAAAAATTCCTGATGGACCACTAAGACGCAGGTATTGAATCAGTACTGTGTGCATAAACTCCTAGATATGGGCAGCTTTGCTTGCATAAGAACTTCAAAATTGAGTCCTGGCCGAGTGCGGTGGCTCATGCCTGTAATCCCAGCACTTTGGCAGGCCGAGGCGGGTGGATCACCTGAGGTC,121575207,121575644,"[121575416, 'G', 'A']"
11,69227030,rs7931342-G,intergenic_variant,"lung carcinoma, estrogen-receptor negative breast cancer, ovarian endometrioid carcinoma, colorectal cancer, prostate carcinoma, ovarian serous carcinoma, breast carcinoma, ovarian carcinoma, lung adenocarcinoma, squamous cell lung carcinoma",TCTAGACTCATTGCTTCATTGCTAGTGTCAACTATGGGCCAGGATCCAGGGCTTGGAACCAAGAACCTCTTTGGATTAATGCCTATTAAGATAATATTGAAAATGAAGTAAGTGCAATGGAGACTCATCATTGCATTACAGAGACAGAAGGGGCCCCCAAACTAATCTGGAGTGGTGTACAGGATCAGGGAAGTTGCCCTGAAGGTGATAAGCAGAATGTGGAAGGATGGGCAGGAGTTGTCTAAGAGAAGAGTGTGGCAATAGAAGGGCACCCTGGGCCACAGGGAACAAACCATAGCTGAAAGATGAGGAGTCAAGAAATATTCTGGCACCCATGGGGTACTATTAGCAGTTTAACTTTACAGGAGCTGAAAATTTAAGAAGGGGAATGTCAAGAGATGAGGCTGAACCTTGGCAGGGATGGATCCTTGG,69226826,69227257,"[69227030, 'T', 'G']"
11,103813371,rs148883465-G,intron_variant,"lung carcinoma, estrogen-receptor negative breast cancer, ovarian endometrioid carcinoma, colorectal cancer, prostate carcinoma, ovarian serous carcinoma, breast carcinoma, ovarian carcinoma, lung adenocarcinoma, squamous cell lung carcinoma",CAGGAAACTTTGACAAGCAAATATTTAATAACCATTGAATAAAACCTGAGGTTATCAGTTCTGTGAGACCCATATGACACATGCATATATGTATACGCACAGATAGACATATAAGCATGGGTATTTAGCAAATGTTTGCCTATGTGTACAGTGTATGTACTACAGGGTTCATCCAATTAGAGGGGTGATGTTCATTCCTACTGTTTTTATGTCTTCTCTTCTACACAGCAAGTAATTATTTGTTGTAATCCAGTTCATATGCAATGCTTTAGGGAAGGCAAAATAACTTTAACCTTGCTGCTCTTTTTACCTACATCTCACATTTTCACTTTTACAAACACCAGAACTCTGATGTATTCTGAAACATTCAACATTTGTGCAAACTTTTTTGGAAGAGAACAAGCTACAAGGATTAAAGCATATTTGAATAAGAGAGAAAAATC,103813140,103813582,"[103813371, 'A', 'G']"
12,49251457,rs11168936-C,intron_variant,"lung carcinoma, estrogen-receptor negative breast cancer, ovarian endometrioid carcinoma, colorectal cancer, prostate carcinoma, ovarian serous carcinoma, breast carcinoma, ovarian carcinoma, lung adenocarcinoma, squamous cell lung carcinoma",TAACAATCTTCCCACAAGAGCCCAGCCCAGATGGCTTCATTGGTAAATTCCATTAAATATTTAAAGAACCAATAATACAAATATTGAACAAATTATTTCAGAAATTAGAGGAGGAACACTTCCCAATTTATTCTATAAATTCAATATTACTCTGATACTAAAACCAGGTAAAGACACTGTAAGAAAAGTATATATCGATATCCTTATAAATATTGATACAAAAGTCGTCCGCAAACCAAATTCAGCAACATATAAGAGAGATTATAGGCTGGGCCTGGTGACTCACCTTGTAATCCTAGCACTTTGGGAGGCCGAGATGGATGGGTCACTTGAGGTCAGCAGTTCAAGACTAGCCTGGCTAACATTGTGAAACCCCTGTCTCTACTAAAAATGTAAAAATCAGCTGGGTGGTGGCAGGCACCTTTAATCACAGCTAC,49251228,49251664,"[49251457, 'T', 'C']"
12,52918828,rs73110464-T,intron_variant,"lung carcinoma, estrogen-receptor negative breast cancer, ovarian endometrioid carcinoma, colorectal cancer, prostate carcinoma, ovarian serous carcinoma, breast carcinoma, ovarian carcinoma, lung adenocarcinoma, squamous cell lung carcinoma",GGTGTTAAGAGTTACTTCACCAGCTGAAAATGCAGATAGTAACAACTACCTCAGAAGACTGACATGATCATCAGGTAAGGAACAGTGCCTAAAATAGCAGGTTTTCAAGACATGTTAGCTTGACTCTCACCAACCCTCCCTGCTTGTCCCCCAGCCTTTCCCAAAGCCTTTCTCCACACAATTTCCCCCATTCCCTCACCACCTTCAGACTACCCTCCCCCATGGAACTTGTGTTCACATCACTTTGATACATTTGCCTTGTGAGAGTTTAAGCCTTGTGTTTCCCTGCATGAAATAACCTCCTTGCAGAACAGAACAGTGTCTGCTGCCTCTTCCCAGGGTAGGTGGTCAAGTGGAAGAAAGTGCTAGCTCAGCAGGGTGGAGGGTAACTAGGAGGTGGCAATTGGGTCTATAAGGAGGAGCTTATAGGATAGTAATAAA,52918618,52919058,"[52918828, 'C', 'T']"
12,111446804,rs3184504-C,missense_variant,"lung carcinoma, estrogen-receptor negative breast cancer, ovarian endometrioid carcinoma, colorectal cancer, prostate carcinoma, ovarian serous carcinoma, breast carcinoma, ovarian carcinoma, squamous cell lung carcinoma, lung adenocarcinoma",ATGGTGTTCAGGAGGCTAGGGGAAGGCACCCTGGACCTCACTACAGGCTCAGAGCCTGCCCAGCAACACCATGGATACTCTCTCTAAAAGGGGGACTCCTGGGGAGACTATAGACAAACTCAGGCCTGGCTGGAAGAAAGAGCATCAGGAACAAGCCTTGAGTACCCCAACTTGGTCTCGTAGAGTTCAAGGCCCAAGCTACAAGCAGCTTGCTCCAGCATCCAGGAGGTCCGGCGGTGCACACGGCTTGAGATGCCTGACAACCTTTACACCTTTGTGCTGAAGGTGAGTGACAAGGCTTTTCACACCCTGGGGCAATACAAATACATACACATACAGCAGACCCAACCCTGTTCCCTTCCTCCCTGCCAGGTGAAGGACCGGACAGACATCATCTTTGAGGTGGGAGACGAGCAGCAGCTGAATTCATGGATGGCTGAGCTCTCGGAGTGCACAG,111446570,111447026,"[111446804, 'T', 'C']"
13,32394673,rs11571818-C,splice_polypyrimidine_tract_variant,"lung carcinoma, estrogen-receptor negative breast cancer, ovarian endometrioid carcinoma, colorectal cancer, prostate carcinoma, ovarian serous carcinoma, breast carcinoma, ovarian carcinoma, lung adenocarcinoma, squamous cell lung carcinoma",AATGTGTGCGTATACCTGCTTCCACATGACCTCAGTAAAAGAATGTGTTGTCATATTGGTATTGAAATTTTAGCACTGTAAGCAACAGGTCATTTTGGAAAACCTGAGCTTTCGCCAAATTCAGCTATTTTGATTTGCTTTTATTATTAGCATATACCAAAATAAATAGGCATATTAGAGTTTCCTTTCTTGCATCTTAAAATTCATCTAACACATCTATAATAACATTCTTTTCTCTTTTTTCCATTCTAGGACTTGCCCCTTTCGTCTATTTGTCAGACGAATGTTACAATTTACTGGCAATAAAGTTTTGGATAGACCTTAATGAGGACATTATTAAGCCTCATATGTTAATTGCTGCAAGCAACCTCCAGTGGCGACCAGAATCCAAATCAGGCCTTCTTACTTTATTTGCTGGAGATTTTTCTGTGTTTTCTGCTAGTCCAAAA,32394437,32394885,"[32394673, 'T', 'C']"
14,68559662,rs11844632-A,intron_variant,"lung carcinoma, estrogen-receptor negative breast cancer, ovarian endometrioid carcinoma, colorectal cancer, prostate carcinoma, ovarian serous carcinoma, breast carcinoma, ovarian carcinoma, lung adenocarcinoma, squamous cell lung carcinoma",TGTCACCTAGGCTGGAGTGCAGTGGCGTGATCTTGGCTCACTGCAACCTCTGCCTCCCAGGTTCAAGTGACCCTCCTGCCTCAGCCTCCCAAGCAGCTGGAATTACAGGTGCCCTCCACCACACCCGGCTAATTTTTGCCTTTTTGGTAGAGAAGAGTGTCACCATGTTGGCCAGGCTGGTCTCGAACTCCTGACCTCATGTGATCCACCTGCCTCAGCCTCCCAAAATACTGGGTTACATGCGTGAGTCACTGCGCCCCCAGGAGCAATTCTGAGTAATGCCCTGATTTCATTAATCAAAGGAAGACTGCAGAGGTGTTTGTAGTCCTTTTTCTGCAATTTTCCCACTAAAGCAATGGCAGGAAAGGTCTGTCGTCTTGACCACAGACACACACGCTTGCCAGGACTGCACCCCGAGGAGGACTCCAGCATGTGGAATGGGCAGAAGGCAGAAGCCCTATGTCTGCCCTGGGGTCCCCAGTGCTGA,68559416,68559902,"[68559662, 'G', 'A']"
17,37741642,rs12601991-T,intron_variant,"lung carcinoma, estrogen-receptor negative breast cancer, ovarian endometrioid carcinoma, colorectal cancer, prostate carcinoma, ovarian serous carcinoma, breast carcinoma, ovarian carcinoma, lung adenocarcinoma, squamous cell lung carcinoma",TTACAAAGGTAATTTCCAAGTACACAATATGAGGAAGTAACAAGAAGAACAAAAAATGAGAAAACGAGTTACAGTTTCAAACGTGGAGAATTCACATTAAGAGGAAAATAATGTAATAAACGTTTTAGACATATCCTTGTAAACATCACAGATCATTTAAAAGTTTATTTCTGGTCAATATTTCCACCGATATTTTTAGGATGGAAAAATACTTTCAACGGCTACGAACAAGACTCCTCGAACCTTAGGGGAAAAATTGCATTTTAAAAGTGAATATTGCTTTAGCAAATTCTTCGGCTATTTTTCTTTTGTTTAAATGCCTTTACCTGTGTTCATTTTGTATGCCTAAGAAACCTAGAAAAATAGGGTACTGTTCTAAGTGGGAATGATTCTGTGGAAACAGTGAATTAGCCCAACAATTGGGGAGGGTTTAAAAAAAGCCCCCAAGAACCTTATAAATAATGGCAAAACCTTTTAAGTC,37741408,37741888,"[37741642, 'T', 'T']"
19,17279482,rs4808075-C,intron_variant,"lung carcinoma, estrogen-receptor negative breast cancer, ovarian endometrioid carcinoma, colorectal cancer, prostate carcinoma, ovarian serous carcinoma, breast carcinoma, ovarian carcinoma, lung adenocarcinoma, squamous cell lung carcinoma",TTTTTGTTCTTCCCTGTGTGATTTTTGCCATCAAAATAAAAATTTGAGACTCGTTAACCGAAGTCCACGCCAATCACTTTGTGTTAATGGGGATCATCTTCATTGCAAGTGATGGAAAACTTAGCCACTGAGCAAAGGTGAGTGGCTGCTTTCTTGTAGATGAAAAAGCCCCGGGATGTGGAGGTTGCAGCGAGTTGAGATCGCACCACTGTACTCCAGCCTGGTGATAGAGTGAGAGCTTTTCTCAAATAAAAAAGAAAAATTCAAAAATAAAAAAGATGAAAAAGCCAAGAGAACAGCTTCAGGCTTGGCTGTGTCCAGGTGCTAGGACAACATTGCCATTTGGGAGGGTACTACATGGTTGCTAGTCAATGTGCCCTGCTTACCCCCCAACCAATGGAAAGGTGTGTGATGGCTTCAACCACTCCCCAGACCCCAATCCAGGTCAAGGC,17279281,17279732,"[17279482, 'T', 'C']"
20,34131991,rs11907546-T,intergenic_variant,"lung carcinoma, estrogen-receptor negative breast cancer, ovarian endometrioid carcinoma, colorectal cancer, prostate carcinoma, ovarian serous carcinoma, breast carcinoma, ovarian carcinoma, lung adenocarcinoma, squamous cell lung carcinoma",AACTCTCCCTTTCCCTCTCCCTCTCCCCCTCCCTCTCCATCTCTGTCTCCATCTCCCTCTCCCCACGGTCTCCTTCTCCCTGTCTTTCCACGGTCTCCCTCTGATGCCGAGCCGAAGCTGGACTGTACTGCTGCCATCTCGGCTCACTGCAACCTCCCTGCCTGATTCTCCTGCCTCAGCCTGCTGAGTGCCTGGGATTGCAGGCATGCGCCGCCACGCCTAACTGGTTTTCGTATTTTTTTGGTGGAGACGGGGTTTCGCTGGGTTGGCCGGGCTGGTCTCCAGCTCCTAACCGCGAGTGATCTGCTAGCCTCAGCCTCCCGAGGTGCCGGGATTGCAGACGGAGTCTCGTTCACTCAGTGCTCAATGTTGCCCAGGCTGGAGTGCAGTGGCGTGATCTCGGCTAGCTACAACCTCCACCTCCCAGCCGCCTGCCTTAGCCTCCCAAAGTG,34131785,34132236,"[34131991, 'C', 'T']"
11,103745837,rs141752671-G,intron_variant,"lung carcinoma, estrogen-receptor negative breast cancer, ovarian endometrioid carcinoma, colorectal cancer, prostate carcinoma, ovarian serous carcinoma, breast carcinoma, ovarian carcinoma, lung adenocarcinoma, squamous cell lung carcinoma",ATGTCAATTCTTCCACTCCATGAGCATAAAATATTTTTTTATTTGTGTTGTCTCTGATTTCTTTCAGCAATGTTCTGTAGTTCTCTTTATAGATATTTTTCACCTCTTTTGTTGTATTCCTAGTTACTTTAATTTTTTGGTGGTTATTGTGAATGGAATTGTGTTTTTGATTTCGCTCTCAGCTAGGATGTTATTGGTGTATAGAAATGTTACTGGTTTTTGTACATTGCTTTTGTATCCTGCACATTTACTGAAGTTGTTTATCAGTTCTAGGACCCTTTTTCACAGAATTTTTAGAATTTTTAAAGTATAGAATCATATTGCCAGCAAGAAGAGAGAGTTTGACTTTTTGTTTTCCTATTTGGATACCTTTTATTTCTTTATCTTGTCTGATTGCTCTGGCTAGGACTTTCAGTGATATGTTGAAGAGAAGTGGTGAGAACAGGCATCCTTGT,103745622,103746076,"[103745837, 'A', 'G']"
12,111621753,rs11065979-T,intergenic_variant,"lung carcinoma, estrogen-receptor negative breast cancer, ovarian endometrioid carcinoma, colorectal cancer, prostate carcinoma, ovarian serous carcinoma, breast carcinoma, ovarian carcinoma, lung adenocarcinoma, squamous cell lung carcinoma",GGTTCAAGCGATTCTCCTGCCTCAACCTCCTGAGTAGCTGAGACTACAGGCGTGTGCCACCACACCTGGCTAATTTGTTGTATTTTTAGTAGAGATGGGGTTTCACCGTATTAGCTCAGGATGGTCTTGAACTCCTGAGCCCAAGTGATCTGCCCGCCTCAGCCTCCCAAGGTGCTGGGATTACAGGCGTAAGCCACCATGCCCGGCTAATGCCACCTGTCTTAACGTGACTTAGAAGGTCCTAGATATCCAATCCTTCACTACTTTCTCAGCTTTCACCTCCTTCCACTCTGCAACTTGTGCAGAGTAGGCCCTTTGCACTTGCCACTCCCTCTGCCCAGAATGCCCTTTCCCCAGGTATTCACATGGCTCAGTCCTTCATTCAGGTCCTTGGCCTTATTTTATTTTATTGTTGAGACAGGGTCTCCCTCTGTC,111621546,111621980,"[111621753, 'C', 'T']"
20,34002002,rs2300206-C,intron_variant,"lung carcinoma, estrogen-receptor negative breast cancer, ovarian endometrioid carcinoma, colorectal cancer, prostate carcinoma, ovarian serous carcinoma, breast carcinoma, ovarian carcinoma, lung adenocarcinoma, squamous cell lung carcinoma",TTGTTTCCTTTTTTTTTGAGACGGAGTCTCGCTCTGTTGCTCAGGCTGGAGTGCAGTGGCATGATCTCCGCTCACTGCAAGCTCTGCCTCCCGGGTTCATGCCATTCTCCTGCCTCAGCCTCCTGAGTAGCTGGGACTGCAGGTGCCCACCACCACGCCCGGCTAATTTTTTTGTATTTTTAGTAGAGACGGGGTTTCACAGTGTTCGCCAGGATGGTCTCGATCTCCTGACCTCGTGATCTGCCCACCTCGGCCTCTCAAAGTGCTGGGATTACAGGCGTGAGCAGCCGCGCCTGACCACGTCGTTTCCTTTTTACCTGAAGCATTAATTTAAGGCTTTGGAATTTTGTTTTTGCGGATACCTGTAAGGTGGTACTGAGGAATGGTGCTGCTGCCAAAGTAATAATGAGGGCTGTGCGTGAATCAGTTGAGCACAAGAATAACTTCTCTTCAGACTTTAAAGAT,34001768,34002232,"[34002002, 'G', 'C']"
13,32295727,rs56084662-A,3_prime_UTR_variant,"lung carcinoma, estrogen-receptor negative breast cancer, ovarian endometrioid carcinoma, colorectal cancer, prostate carcinoma, ovarian serous carcinoma, breast carcinoma, ovarian carcinoma, lung adenocarcinoma, squamous cell lung carcinoma",GCAACGTCATTCAGTGTCTTCTCGGCCTTCAAAAGGCTTGGACAGACTGTTCTCCCTCTTGTTACCTGTAGGGCTTTTTCTAAAGAGGATGGCAGAACTTCCAACGTGTAGCAATACTATAAGAACCAAGGTAGCTTAGAACGTCCTGGACAGACTCCACTCATCATGCTGTGTGGCACAAATGTGTTACATTTGACCGAGCATATGCAACTCACTACTGAAGAAGTGACTTCCGTTGCATACCAAAGCCGACTACACTGAACAGTACCTTCCTTTCTAGAAACAATTTTAGATTGGCAAAAGTGCAATGTTTTCTTCACTCAAAAAATTTTATATTCTCAAACATGTATATTCTTTCCCTGTCTTGTTCCATTTTCTTTTCTTTTTTCTTTTTTCTTTTTCCTTTCTTTCGTGGGCTGAGAAAGGGG,32295514,32295941,"[32295727, 'G', 'A']"
1,155212052,rs2974935-T,non_coding_transcript_exon_variant,"lung carcinoma, estrogen-receptor negative breast cancer, ovarian endometrioid carcinoma, colorectal cancer, prostate carcinoma, ovarian serous carcinoma, breast carcinoma, ovarian carcinoma, lung adenocarcinoma, squamous cell lung carcinoma",TCCATGGAAATTCTGGGAGCTGCTCCTAGTTTGCGGCGGAGCCTTCCTTCCTTCCCTGCATTGGGCGCTGGACCTTCACGGCCAGGAGGCTCCAAGGCCCAGGCTTTTCGCCAACAGCAACAGGCTACTGGCTGGGCCCAGGCAAGGGGGCCTTGGCAGGAAAAGTTCCTTGCTGTACCTCCACTGCACTCAGAGGCCAGTGAGGGGGGTACCATACAGGACTCCTTCCTCCCTGGTGAAGTGCCCTTGCAGCTCCCTAGTGTCCACGCCATGGATATTTCCTCCACAGAAGTACAATGCTGATTATGATCTGTCAGCTCGGCAAGGGGCAGACACCCTGGCCTTCATGTCTCTCCTGGAGGAGAAGTTGCTCCCGGTGCTGGTGAGTGTGCCCAGACCTCCCAGCATCCATGGCCAGCCGGGGAGGGTTCGGGAACACACAGACCCA,155211838,155212285,"[155212052, 'G', 'T']"
1,210816167,rs11119608-T,intron_variant,"lung carcinoma, estrogen-receptor negative breast cancer, ovarian endometrioid carcinoma, colorectal cancer, prostate carcinoma, ovarian serous carcinoma, breast carcinoma, ovarian carcinoma, lung adenocarcinoma, squamous cell lung carcinoma",TTCTGTTCCAAAAGCAAAGTGGTATATTTAAAGGCGGGACATCTGTGCTTCTTCCTCTAAGCCAGCTTTGGAAATAAGTCACTTTCTTTTTACCAGATCTCACTCTTGTTAATCAGACTCTGCAAGCGGCGAGCGATTAACCTGCATTTCGGTTACACCAGCACTATCCCCTCATTTCTCTTCAACTCATCAGCCATTGCCATAGGCATAGAAAGAAGCTCCCCGAAACAGAGAATATAAAACAGATACATTCCCTATTTTATAACAAGAGAAGCCTAAAAACTCTCATTTAATAACCTGCTAAGAATAGCATGAATTCCTACACCACATTCAAACTCGGCCGTGTTGGTGAATGTCACTTAACAAGCACAGTTCTTACAGGGGAGACAGAAGGTTATTTTCAGCTACTTCTCATCTGTCGAATAAAACAACAGCTCCTGCTCCACGGTAACCCATTAACAATGCAGTCTGTGCCA,210815930,210816405,"[210816167, 'T', 'T']"
3,169043635,rs75316749-G,intergenic_variant,"lung carcinoma, estrogen-receptor negative breast cancer, ovarian endometrioid carcinoma, colorectal cancer, prostate carcinoma, ovarian serous carcinoma, breast carcinoma, ovarian carcinoma, lung adenocarcinoma, squamous cell lung carcinoma",AGTCCCCCTCACCCCTTTTACCCGTGAACAGGCCAGTGACCTGACCTTCAACCTATTTCACTTTTTCTAAATGTTCTAAATGGCCATATTCTTACATAGGCCCATATTTAATCTTTAATTAATATGAATATTTCAGAACGGCCTTTACTTAATATGTGTTCTGTATAGCTGAGGATATAATAATAAAATTAATTACAGAAGAAAGTTCCAGTTACTACAGATTTGGAAAAGAATACTGTGTTTCTTAGTATAAACTACTAGCAAGTATTTATTTTTAACCATGTTTAAATTGCTTCTATAATTTCTAAAATTATCAACTACTAAATATTTTTTACAAACCTAGTAATAGATTAGATCTCAAAATAAAAGCACAAGATAAACAGATGTCATCTCCATCTTAAGATGTCAAACTGAGGCTCTGTACTTTGCCCACAAATGATGTAGCTGGAACTGGGAAG,169043398,169043855,"[169043635, 'A', 'G']"
7,79974067,rs115707823-A,non_coding_transcript_exon_variant,"lung carcinoma, estrogen-receptor negative breast cancer, ovarian endometrioid carcinoma, colorectal cancer, prostate carcinoma, ovarian serous carcinoma, breast carcinoma, ovarian carcinoma, lung adenocarcinoma, squamous cell lung carcinoma",AAACTGCCAAACTGTCTTCCCACATGGCAGTAGCATTTTTCATTCCCACGAGCAAAGAATGACAGTTCCTGTTGTTCCACATCCTTGTCAGCATTTGGCTTTGTCAGTGTTCTGGATTTGGGCCATTCTAGTAGGTGTATAGCAGTACTTCATTGTTTTAATTTGCACTTCCTGATGACATATTATGTTAACCATGGGTTTCCATATGTTTATATACCATCTATATATCCTATGTGATGAGATATATTTTGATCTTTTGGTTATATTTTTATTGGGTGGTTTATTTTCTTATTGAGTTTTAACTGTTCTTTGTGTACTTTGGATGCCAGTTCTTCATCAGATTGGCATTTTGCAAAGATTTTCTCTTAGTGTTTGGCTTAAAGGACTAATTTTCAAACAGTTTTTAAACTTTTTATTCTGTAATTTTT,79973852,79974279,"[79974067, 'G', 'A']"
6,80398959,rs4604234-C,intergenic_variant,"lung carcinoma, estrogen-receptor negative breast cancer, ovarian endometrioid carcinoma, colorectal cancer, prostate carcinoma, ovarian serous carcinoma, breast carcinoma, ovarian carcinoma, lung adenocarcinoma, squamous cell lung carcinoma",TGATACCAAAACCTGGCAGAGATACAAAAACAACAGCAAAAAAACTTCAGGCAAATATTCTTGATAAACATTGATGCAAAAATCTTGAGCAAAATACTTCCAAAATGAATCCAGTAGCACATCCAAAAGCTTATCCACCACGATCAAGTAGGCTTTATCCCTGGGATGGATGCATGGTTGGTTCAACATCCACAAATCAATCAATCAATAAATGTAATTCATCACATAAACAGAACTAGAGGCAAAACCATATGATTATTTCAATAGGGCAGAAAAGGCTTTTGATAAAATTCAACACCTCATCCTGTTAAAAACTCTAAATAAACTAGATATTGAAGGAACATACCTGAAAATAATAAGGGCCATCTATGAAAACCCACAGCCAACATCATACTCAATGGACAAAAGCTAGAAGCATTCCCT,80398758,80399180,"[80398959, 'A', 'C']"
9,21951903,rs12349081-A,intron_variant,"lung carcinoma, estrogen-receptor negative breast cancer, ovarian endometrioid carcinoma, colorectal cancer, prostate carcinoma, ovarian serous carcinoma, breast carcinoma, ovarian carcinoma, lung adenocarcinoma, squamous cell lung carcinoma",ACCACATAATACTATGCAGACATAAAAAGGAATGAGATCATGTCCTTTACAGCAACATAAATGGAGCTGGAGGTCATTATGCTAAGCAAACTAACACAGGAACAGAAAACCAAAATACCACATGTTCTTACTTATAATTGGGAGCTAAAGGATGAGAACACATGGATACTAGGAGGGGTACAACAGACACTGGTGCCTACTTGAGGGAGGAGGGTGGGAGGAGGGAGAGGATCAGAAAAAATACCTGTTGGGTATTATGCTTATTGCCCAGTGATGAAATTTTCTGTACACCAAACCCTTCTAACACACAGTTCATCTATATAACAAGTCTGCACATGTACCCTTGAACCTAAAATAACTATTACAATAAGTAAATACATATTTTTAAAAATCATTTAGAATGTCAGAAAATTCC,21951696,21952110,"[21951903, 'C', 'A']"
9,22062135,rs1011970-T,intron_variant,"lung carcinoma, estrogen-receptor negative breast cancer, ovarian endometrioid carcinoma, colorectal cancer, prostate carcinoma, ovarian serous carcinoma, breast carcinoma, ovarian carcinoma, lung adenocarcinoma, squamous cell lung carcinoma",ACTAGCTATTATTTTTATCCTCATATTATCAGATATGACACATTCATAATTTAAACAGAAGCCTACGAAGAACTCATAAATTAAAAGAAGATAATCTTTTCACAAGGTAACAAATTTTGGAACAATTTTTTAGAGTCTCTAGACATCTGTTACTGACGTTGTGAGTGAAATGGGTCTGTGAAGGGAAGATACAGGTGGAACTGGGCCAGTGTTTTCAGAGGACCATGATATTTCTATATCTCTGCTGGCTCCCTATCAGTTCTAGAGCTAGTTCAAGTGAAGCCTCCATAACCTCTGGACAATAAAAATGCACCATGCTATTGTTAGCATGATGAATGAATTTATTTTTGTTTAGCTTACAGAAAGTTAGTAGTTTTCAAAAGGGTCTTTATGTATACAATTGAAGATACTACATTCTTGAAAAGGAA,22061921,22062348,"[22062135, 'G', 'T']"
12,111446804,rs3184504-C,missense_variant,"lung carcinoma, estrogen-receptor negative breast cancer, ovarian endometrioid carcinoma, colorectal cancer, prostate carcinoma, ovarian serous carcinoma, breast carcinoma, ovarian carcinoma, lung adenocarcinoma, squamous cell lung carcinoma",GAGGCTAGGGGAAGGCACCCTGGACCTCACTACAGGCTCAGAGCCTGCCCAGCAACACCATGGATACTCTCTCTAAAAGGGGGACTCCTGGGGAGACTATAGACAAACTCAGGCCTGGCTGGAAGAAAGAGCATCAGGAACAAGCCTTGAGTACCCCAACTTGGTCTCGTAGAGTTCAAGGCCCAAGCTACAAGCAGCTTGCTCCAGCATCCAGGAGGTCCGGCGGTGCACACGGCTTGAGATGCCTGACAACCTTTACACCTTTGTGCTGAAGGTGAGTGACAAGGCTTTTCACACCCTGGGGCAATACAAATACATACACATACAGCAGACCCAACCCTGTTCCCTTCCTCCCTGCCAGGTGAAGGACCGGACAGACATCATCTTTGAGGTGGGAGACGAGCAGCAGCTGAATTCATGGATGGCTGAGCTCTCGGAGTGCACAGGCCGAGGGTGAGGTCCTGGGCCCT,111446581,111447050,"[111446804, 'T', 'C']"
13,32398489,rs11571833-T,stop_gained,"lung carcinoma, estrogen-receptor negative breast cancer, ovarian endometrioid carcinoma, colorectal cancer, prostate carcinoma, ovarian serous carcinoma, breast carcinoma, ovarian carcinoma, lung adenocarcinoma, squamous cell lung carcinoma",GTCTTGTAAAGGGGAGAAAGAGATTGATGACCAAAAGAACTGCAAAAAGAGAAGAGCCTTGGATTTCTTGAGTAGACTGCCTTTACCTCCACCTGTTAGTCCCATTTGTACATTTGTTTCTCCGGCTGCACAGAAGGCATTTCAGCCACCAAGGAGTTGTGGCACCAAATACGAAACACCCATAAAGAAAAAAGAACTGAATTCTCCTCAGATGACTCCATTTTAAAAATTCAATGAAATTTCTCTTTTGGAAAGTAATTCAATAGCTGACGAAGAACTTGCATTGATAAATACCCAAGCTCTTTTGTCTGGTTCAACAGGAGAAAAACAATTTATATCTGTCAGTGAATCCACTAGGACTGCTCCCACCAGTTCAGAAGATTATCTCAGACTGAAACGACGTTGTACTACATCTCTGATCAAAGAACAGGAGAGTTCCCAGG,32398266,32398708,"[32398489, 'A', 'T']"
17,37741642,rs12601991-T,intron_variant,"lung carcinoma, estrogen-receptor negative breast cancer, ovarian endometrioid carcinoma, colorectal cancer, prostate carcinoma, ovarian serous carcinoma, breast carcinoma, ovarian carcinoma, lung adenocarcinoma, squamous cell lung carcinoma",AATATGAGGAAGTAACAAGAAGAACAAAAAATGAGAAAACGAGTTACAGTTTCAAACGTGGAGAATTCACATTAAGAGGAAAATAATGTAATAAACGTTTTAGACATATCCTTGTAAACATCACAGATCATTTAAAAGTTTATTTCTGGTCAATATTTCCACCGATATTTTTAGGATGGAAAAATACTTTCAACGGCTACGAACAAGACTCCTCGAACCTTAGGGGAAAAATTGCATTTTAAAAGTGAATATTGCTTTAGCAAATTCTTCGGCTATTTTTCTTTTGTTTAAATGCCTTTACCTGTGTTCATTTTGTATGCCTAAGAAACCTAGAAAAATAGGGTACTGTTCTAAGTGGGAATGATTCTGTGGAAACAGTGAATTAGCCCAACAATTGGGGAGGGTTTAAAAAAAGCCCCCAA,37741433,37741854,"[37741642, 'T', 'T']"
19,17279482,rs4808075-C,intron_variant,"lung carcinoma, estrogen-receptor negative breast cancer, ovarian endometrioid carcinoma, colorectal cancer, prostate carcinoma, ovarian serous carcinoma, breast carcinoma, ovarian carcinoma, lung adenocarcinoma, squamous cell lung carcinoma",TAGTTTGTCATGGATAATTTTTGTTCTTCCCTGTGTGATTTTTGCCATCAAAATAAAAATTTGAGACTCGTTAACCGAAGTCCACGCCAATCACTTTGTGTTAATGGGGATCATCTTCATTGCAAGTGATGGAAAACTTAGCCACTGAGCAAAGGTGAGTGGCTGCTTTCTTGTAGATGAAAAAGCCCCGGGATGTGGAGGTTGCAGCGAGTTGAGATCGCACCACTGTACTCCAGCCTGGTGATAGAGTGAGAGCTTTTCTCAAATAAAAAAGAAAAATTCAAAAATAAAAAAGATGAAAAAGCCAAGAGAACAGCTTCAGGCTTGGCTGTGTCCAGGTGCTAGGACAACATTGCCATTTGGGAGGGTACTACATGGTTGCTAGTCAATGTGCCCTGCTTACCCCCCAACCAATGGAAAGGTGTGTGATGGCTT,17279264,17279698,"[17279482, 'T', 'C']"
20,34131991,rs11907546-C,intergenic_variant,"lung carcinoma, estrogen-receptor negative breast cancer, ovarian endometrioid carcinoma, colorectal cancer, prostate carcinoma, ovarian serous carcinoma, breast carcinoma, ovarian carcinoma, lung adenocarcinoma, squamous cell lung carcinoma",CTCAAAACTCAATTGGTTAAACAAAAAAGAACTCTCCCTTTCCCTCTCCCTCTCCCCCTCCCTCTCCATCTCTGTCTCCATCTCCCTCTCCCCACGGTCTCCTTCTCCCTGTCTTTCCACGGTCTCCCTCTGATGCCGAGCCGAAGCTGGACTGTACTGCTGCCATCTCGGCTCACTGCAACCTCCCTGCCTGATTCTCCTGCCTCAGCCTGCTGAGTGCCTGGGATTGCAGGCACGCGCCGCCACGCCTAACTGGTTTTCGTATTTTTTTGGTGGAGACGGGGTTTCGCTGGGTTGGCCGGGCTGGTCTCCAGCTCCTAACCGCGAGTGATCTGCTAGCCTCAGCCTCCCGAGGTGCCGGGATTGCAGACGGAGTCTCGTTCACTCAGTGCTCAATGTTGCCCAGGCTGGAGTGCAGTGGCGTGATCTCGGCTAGC,34131756,34132192,"[34131991, 'C', 'C']"
13,32265853,rs56404467-A,intron_variant,"lung carcinoma, estrogen-receptor negative breast cancer, ovarian endometrioid carcinoma, colorectal cancer, prostate carcinoma, ovarian serous carcinoma, breast carcinoma, ovarian carcinoma, lung adenocarcinoma, squamous cell lung carcinoma",GTGAATGTGCATGGTACATTATATGGCATTCACACTCAAGTTAAGTGTCACAGTTGCACTGCTGGGACATCCTAATAAAGGACTCCAAAGTGACATATATCATGGCAGGCTCTCAGCTGAGTTAGAGTCATCCAATCCCATTATAGGGCCTCGTGTGGAACAAAGAAAGAACACTTACATATGAATTCATAAGGCCAGAAAGCAACATAAAAAGCAAAGGAAGAGCCTGGAAACATGGTCCAGACCTTGTAAGCTTTGAAGATAAGCAACACTTGGCAAGCCTTGGAAATAAGTTCTTTCCATTTGGAGTTAAAACCCTGGAACAAGAGGCTCTTTATATAGGAAATACCTACTCTTTAAGTGGGTGTCTTTTGGCCTGGTGGCTGATATTTCTGAGACTAGTGAGATATAGAAACAGAAAAAAAAAA,32265647,32266074,"[32265853, 'G', 'A']"
20,34002002,rs2300206-G,intron_variant,"lung carcinoma, estrogen-receptor negative breast cancer, ovarian endometrioid carcinoma, colorectal cancer, prostate carcinoma, ovarian serous carcinoma, breast carcinoma, ovarian carcinoma, lung adenocarcinoma, squamous cell lung carcinoma",GTTTCCTTTTTTTTTGAGACGGAGTCTCGCTCTGTTGCTCAGGCTGGAGTGCAGTGGCATGATCTCCGCTCACTGCAAGCTCTGCCTCCCGGGTTCATGCCATTCTCCTGCCTCAGCCTCCTGAGTAGCTGGGACTGCAGGTGCCCACCACCACGCCCGGCTAATTTTTTTGTATTTTTAGTAGAGACGGGGTTTCACAGTGTTCGCCAGGATGGTCTCGATCTCCTGACCTGGTGATCTGCCCACCTCGGCCTCTCAAAGTGCTGGGATTACAGGCGTGAGCAGCCGCGCCTGACCACGTCGTTTCCTTTTTACCTGAAGCATTAATTTAAGGCTTTGGAATTTTGTTTTTGCGGATACCTGTAAGGTGGTACTGAGGAATGGTGCTGCTGCCAAAGTAATAATGAGGGCTGTGCGTGAATCAGTTGAGCACAAGAATAACTTCTCTTCAGACT,34001770,34002224,"[34002002, 'G', 'G']"
5,14017958,rs339947-A,intergenic_variant,"response to bevacizumab, Proteinuria",AACAGCTAAGAACTCCATGATGTGTGCCATGGCATCTAGGCTGCTACTGCCATGCTGCCTTCCACAGACGAGTGGTACCAAAAGGCACAGTAGTGGATATTTGTCCTCTTTAGCTGACTGCCATCCAAATCGCCTTCCTGTACTTGGAGAATTTCCTCCCAAGCAGAGCCCTCTATCCCCCATAGAAACTAAAAGTACCAAGTGCTTTCACAGGCACACTTACAACTAGGGCATCATCATGTGACCCAGACGTGACTAATCAAATGCACCCACCTTGGACTTGAATCAGGAGCTGGTTAACCCAAAACACGCGACAGTAGAGAGTATATTCCAACAGAGGTGGCAGTAGCAACAGCGGCATTGAGTTTGCAAGGGCAGCTTGGGCAGCAGTAGCCTCTAAGTCACGTGTCCAGGAGCCAGTATGGCTTGTAGCAATGTCCTCAGCACACTGG,14017749,14018200,"[14017958, 'A', 'A']"
3,156314389,rs6770663-G,intron_variant,"response to bevacizumab, hypertension",CATTCAACCAGTATTTATTGAGCATATGCTATATACTGGGCACAGTTCAGAGCACTTGAGGGGCAGAGTTGGAGGTGAGAGTAAAAAGGCAAAAATGTAGTACATGTATTTGGTATGTTAGGTGCGGTGTCAAAAATGTACAGGGGTTGGGGTCCAGTGTTAACATGCATTGGGTTGTTACTATGTGTCATGCATGTTACCAAGTGCTGATGTTTATTCTAATATAACGCTCCCAACTTCCCTATGAGGTTAGTGCTATTATCTCCATTTTATAGATAAGTAAACAGAGGCTCAGAAAGGAATTCTATCAAAGGCCACCCAACCTGCCTGACTCCAGGGGCCAGCCTCCCCACCATTCTGCATTACTGCCTCCATAAGCCTACCCAGCTAGGAAGCAGTATGGGCAGGATTGCCGAGGATGAGGAAGCCCCATGGCCCTGAGCCAAGATCTTTTA,156314144,156314598,"[156314389, 'A', 'G']"
4,24995076,rs13135230-A,intergenic_variant,"response to bevacizumab, hypertension",CTTCAGAGCATCGTCATCTCCCTCGGGGTCAGGCCACAACCCACCAAACGCAGCTTAGGAGACCTTATTGTCACTAAGAAGTCTTCTCGGCCATGGTTAAGGAAGTTAAAGTGACTACATTCCTCTTCAACATTCAATTCCCAGTCAAGACTCTGCTGAAATGCCTTCAAGAAATCTCCCTGGATTTTTTAGCTAAATTGATCGTTTCTTCTTTTTAATTTCAATACAACTGTTTACTCACCTGGGTGCACAAATTATTTGTGGAAATGACTTCTCTCCCTTAAACAGTATGTGTGTTGTGGAAATGACGTCTCTCTCTTAAACAGTGTGTATGTGTGTGTGGTGACACGTCATAGTGTGGTATGTGGATGTGTTGGTTCTTTCTTAAATTAATAGACCCATTTGGCAGCAACCTCATTCCTATAAGCCAATAAAAATGGTGGTGTGTTAG,24994853,24995303,"[24995076, 'G', 'A']"
17,1391192,rs16945809-A,intron_variant,"response to bevacizumab, hypertension, Proteinuria",CAAGATATGGGTGAGCCTTTAAATTTTTATGTGGGTATTTGGTATGAAAGACACTTGTAAAAATAAAAAAATAAAATGTATGTAGGGAAAGCTCTGAGCTTAGGACACTGCTACCAACACCTAGGTCTATTATATTTTTAAACACAGAACTGGCTCAAGGTAGCCATAAGAAAACCAACACACTAGGTGTTGACACCATCAGAGGATTTGGAATGCCAGCAAGCTCTATTTTCAGCAACTACCACAACCTTAACTAGCACGTTCCCATTTGTGGGGGAGGGAGCTAGGAGGAGGAAATTTTCACTTTTCCTTTGACTTATATTCTGCCAAAGGCTAACTTCATTTGAAAAAAAAAAATTCAACCTCCTAGAGACGTAGATCTAAGCTATCTCTGTGATAAAAAGCTGGACAACGTTTAGGAAACTGTTGTATGAGTCTAAATGACAAAATCTAGTAACAAATGGCCATTAAGTAGGGTGACCAC,1390946,1391429,"[1391192, 'T', 'A']"
6,40568389,rs2494938-A,intron_variant,"lung carcinoma, squamous cell carcinoma, gastric carcinoma",AGAAATATGTACAGATAACTAAGCCTCAGTCAAGGTTTGACAGCAGCCTGGGCTGGCCTAGGCCTCTCTGGGAAAATAACCCCAGGCCTGCCCTCCCACAATGCAGTTAAGATACATGTGGACTGTGGTGTCTGCCCTGTGTCGTGTGAAACCCCTGATCTGTGGGCCTGGGGAACTGTGAGTTGGCATGCAGGCCTGGGATCTATGTGTCTAAGATGGTATATTGGAAATTGAGACAGCAACTTCTCTGCATCAAGGAGACTCTTAGACGGTTCTCAGGTTTTATCAACAGCAGCCAAAATGGCCCACATGGGTGAGGGGCAAAAAAAAGTTATGTATGTGGGTGGCTTACAGGCATCCCCACAAGACGAAGATAAAGATCCTACGTGTGCTCTGTTTCCTGTCCTGTTCCAAATGCCTCGCTAATGCTAAGAAACACAGTGCT,40568148,40568592,"[40568389, 'G', 'A']"
7,21544470,rs2285947-A,intron_variant,"lung carcinoma, squamous cell carcinoma, gastric carcinoma",ATGATGAGTTTGGAGCAAGATTCACAATTTTTAAGTAGCGCAATGCTCAGTTTAACATGTTATGTCGTTTTATCACTAGGTGTGGTCATTGTAATAGTTGGGAAATAGGATCTCAGAGAAGAAAGAGTAATAGGAAGGCTGCCTTATGGTATTGTGAATTTTGAATTCTTTTGTTTTAGGACTCTCCTAATTGTAACTTTAAAAAAAATAAGTTTGTCAGTAGACAAGGCAATAGAACACAACTCTAGTATTACCTAAGTTAAATAGTTATTATAATGTTCAATGGAATGACTCAGTAGTTGTGGAAATGTTAGCATGTTTTGGTTATACGGTTCTATTCTTTGATAGAAATACAAATTAACCTCTTGGGCTTGTCTTTATCTCAGTTTGGCTTATTTCCAAACCAGAGAAGAGTATAAAAAATAACCCTT,21544240,21544670,"[21544470, 'G', 'A']"
18,70034347,rs142021700-C,intron_variant,"laryngeal squamous cell carcinoma, hypopharynx cancer",TACCAGATCTATAAAGAAGAGCTGATACCATTCTTACAGACACTGTTCCCCAAAAAAATGAGAAGTAGGAACTCCTCCTCAATTCATTCTATGAGGCTAGCATCATCCTGACCCAAAACTGGCAGAGACACAACAACAAAAAAAAGGGTCAATATCCTTGATGAACAGCAATGCAAAAACCCTCAACAACATACTAGCAAACTGAATCCAGCAGCACATCAAAAAGCTAACCCACTACGAACAAGAAGGCTTTATCCCTAGGATGCAAGGTTGGTTCAACATACGTGCAAACAAATAAACATGATTCATCACATAAACAGAACTAGAAACAAAAATAACACGATTATCTCAACAGAGGCTTTCAGTAAAATTCAACATCTTTTCATATTAAAAACTCCTAACAAATTAGGTATTGAAGTAACATATATTAAAATAACGAGAG,70034117,70034558,"[70034347, 'T', 'C']"
10,4981859,rs77045180-T,3_prime_UTR_variant,"laryngeal squamous cell carcinoma, hypopharynx cancer",AAGTCTCAGGCACAATCCTACTCCATGAAATAAGAAAAAACCATCACATCCCCAGATTCTGAGGGGAGAGAGTTCACTCCAGAGCATACATCCCCACTGGGGATCTGGAAATTCAGGCCACAAGAGAAGGCTTTGATCCTGTGCGGACAAGTGCCTTGAGCAGAATCCACAGGGGAGAGCTGGAAGTGCATGGCAGATATGAGCACAGAAGCTGGGTGTCCAGCCTTGTGGGCAGACCGGGAGGGATGTGTCCTGAAAGCCATGGTTATTATCTCAGCGTGTAAGCTGATGATCTGAGGCTGGTCAGAGTTCTGTGCGCAGACTGCCTGGATGTAAACCTGGCACTGTTAGCAGAGCACTGCATGAATGAAAGGAATGAAAATAGCCTTGCCAACTGCATAGGTGCTGGGTGAGGCTCACTGTGGGGGGCGCACGGCAAGCTATTCAACATTACGTACAGGCATTTGAGGTCGGGGCATGGAAAAATACTGAGGCAGT,4981609,4982106,"[4981859, 'G', 'T']"
5,111546481,rs402848-A,intron_variant,Epithelioid Cell Uveal Melanoma,GATAGATGATTTGCGAATATATTCTTCAAGTCTGTAGCTTATTTCTTCATTCTCTTGGCAGCATATTAAGCAGAGAAAAGATTTTTGATGTAATGAGGTCCAATTTGTCAATTTTTTGTCTTTACAGATGCACCTTGGTGTCAGTCCTAAGAACTCTTCACCTAACCTTATGTTATAATATTTTTCTCTAAGAAAATAATTTTAAAGAAAGAAAATGCTGTATACATAAGGACATTTCTTGCAATACTATTAGTGAATGGTGAAAACTGAAATAATCTTGAGTTGCCACCATAGAGCAATGGGTACGTAAATTATGACTCTATCATCCTTTGGCTATGGAAAATATTTATTAAGAGTGTACAATAATGTTACAGGGAAACAATCATGACTTAAGTTAAAGTAAGATGCAATTATATGTACTATA,111546258,111546681,"[111546481, 'A', 'A']"
7,137447703,rs28670044-T,intron_variant,Epithelioid Cell Uveal Melanoma,AAGAATCATCTGAACTTGGCTTTGAAGAATAAAGAGGAGCTTATTAGGTAAGTTAGGAAGGAGAAGAACTCCAGGCAGAATAGCAATAGGCGTGTGAAAAGGAGTACAGATATGAAATTGCATAGAATCCTACCAGATATACAAGTAACTCAGTATTGCTAGAATGTAAAGGAGTAACAAAAGCAAGGACTTGAGAAATAAGTGGCAAGGGCCATTTCATACATGGCGTGTGGGGCCCCGGTGAAGTACTTGCAATTTACCTTCTAAGCTAAATGGAGCAAGCTTGTGAGGCAGAGAAGTCACACATTCTGCAATGAGCAGGCAGTGGAGAGTGAACCATAAAATAACAAGAAGACAAATTAAAAGGCAGAGCTCAAGTTAAAGACTATGACTGAAAAACTTCCATGTTAGTAACACAGAAAAAAAATTCCTCTGCCCTTCAATTTTTT,137447475,137447923,"[137447703, 'T', 'T']"
9,122601929,rs10985729-G,intron_variant,Epithelioid Cell Uveal Melanoma,TAGATTAATTAAAGATTAAATAAAGTTTAGACAAACCCACAGAGATATGGTTTGGCTCTGTGTTTCCACCCAAATCTCATGTTGAATTGTGATCCCCAGTGTTGGGGGAGGGATCGGTGGGAGGTGATTGGATCACAGGGGTGGGTTTCCCCCTTGCTATTCTCATGGTAGTGAGCGACTTCTCACAAGATTTGGTTGTTCAAAAGTGTGTAGCCCTTCCCCCTTTGTTATCTGTCCTGCTGGCCATGTGAAGATGTACTTCCCCTTCACCTTCCACCATGATTGTAAGTTTCCTGAGGCCTCTCCAGCCATGCTTCCTGTACAGCCTACAGAACAGCGAGCCAATTAAACCTCTTTGCCTCATAAATTACCCAGTTTCAGGTAGTTCTTTATGACAATGTGAGAACGGACTAATACACGCAGTTACCTGGTTAATTGAAATACATTTTTTTCTAA,122601696,122602151,"[122601929, 'A', 'G']"
5,1286401,rs2736100-C,3_prime_UTR_variant,"head and neck carcinoma, lung cancer",CGGGCCAAGATGACCGCCCTCCTCGTGAGTCTCCACATCTTCATCTGTGCATCATAAGCAGAGGTCCCCGGACGTCGCTAGATGCCATGGAGGCCAGCACAGGTAAAGCTGGGGTTTACCAGCAATAACAAGACAGAAGAACCACGCAAAGGACAAGGAAGGGGACCCCAGACGGCGGGCCTGAGACAGAAGACAGACGGGGAACAAAGGAGGAAAAGCAGGGCGGGGGCAAAGCTACAGAAACACTCAACACGGAAAACAATATTAATAATGCTTAGCTTGTGGGGGTGTCAAGATGCCTGAGATAGAACTAAGTCAGCAGGGAAAACAGCACACAGGCTGGGGGGTGGCCAGAGCTAAAATACACTAAGGGTCTTATTGCTCAGGACAAGGGTAGCAATGTTTCAGACTTCATTTTAAAAGATCAAGGTATGCCGGGCACGGTGGCTTGCACCTGTAA,1286164,1286623,"[1286401, 'C', 'C']"
5,1320132,rs380286-G,intron_variant,"head and neck carcinoma, lung cancer",ACCCTGGCACAGCAGAGCTGGAGGGAGGTTTTGCTGACTGAGAGGGCAGATGTCAGCCCTGGAGGGAAGCGGGAGGCCCAGGGTGGGGCCTGAGCCTCTGCATTTGGAAAATTCCGAGGCCCGGGGTGGGGCCTGAACCTCTGCCTTTAGAAAATTCCACAAAGCCTTTTCCTCAGCCGTCAGCCTTCAACCTGAAGGCCAAGCTGAGAGGTCCACGCAATGCAGTCTTCAGAGGCCCTGGTGGCTGGTTTAAGGGGTGCGGCCAATGCTGAGGTGAGTGAGCTCCCCAGTGACATTGTGCCCTGCAGGTCCACACTGCTGGCTGGACACTTCGAGGCTAGCGCCAAGTATGGATTAGCCATGCTACGGTCTCTGTTCTGCTCAATAGCAATGACTGTGAATAGGTAAATAAATCGCTTAAGGAGAGACATTTGCTTTCAGTGGCTCATCAATA,1319916,1320369,"[1320132, 'G', 'G']"
6,31758476,rs3117575-T,intron_variant,"head and neck carcinoma, lung cancer",ATATCGCCAGCCTCATTGGGAAAGTAGTGAGTAGAAGGAAAAAGGGAGTGCACCCAGGGAGGTCAGGGAGAGAGAATGCAGTGTGCAAGATGGGGAAACATGGAAGATATTGAGGTCAATTGGATAAAGAATGGGATGGTGGGAGGAGGCAGCAGAACTTCAGGGAAGTATCTGGAGGGTGAGAGTTAAAGGAGGACTGCAGGGAGAATTGGGGCCCAAGGAGAGCTGAGGAACAGGACAGAGGGTGCCAGGTCCTAAGAAACAGTACTTATCTCCTCAGGTGGACTTTGAGGGCAGCCTTGCTGAAAATCGCTTCACAGTCCTCCCCAACATAGATCCTGAAATTGATGAGAGTGAGTGTTGGGTGTGGATGGGCCTGTGAGCCCTGCGCAGTGATGGAGTACCATCCTTGGCAGGTGGTCACCACAGCTGGGGATCT,31758268,31758706,"[31758476, 'T', 'T']"
6,110429349,rs9481067-G,intron_variant,colorectal mucinous adenocarcinoma,AAATAATAAGGAAAACAAGTGCTAGCACAAAGGAGATTCTTCTAGAAAAGTTCATGACCTAAAAAGGGTGGTAGACTCCCCCAAAACACCTCCCACACAGCCCACATGGTTTCTTAACCTCAGAGTCAGTCTGAGAAAGTGGCTGGGATCTAACACCCCAATGGCACATCCAAGCGCTTTACTGAGCGCCTGCTCCGGGGACGTGGGAGACACTCATGCCAAGCCAGCGATTCCCGAAGAGCCGTATGTGTACCTGCTGTGTGTACAAGGCAACTCCAGGGGATACCAAGCACTGTTTTATTACTTGTGAGATTACGTTAGTGTCTTTTAGAAAAACACATAATTAGTATAACACCCATGACTTCACTGATATTATTGTTTAGGACAAAGCTAATTTCCAAAAGTCAATCTATTTGAT,110429147,110429564,"[110429349, 'A', 'G']"
3,114402172,rs10511330-C,intron_variant,colorectal mucinous adenocarcinoma,ATGCTAGGAAAAATCACTTAAAGGCTGTATTTTTTGAGTGTGCATTCTCAGAGTGAAGTAGCTGTACATATCATGTAAATTGGACTGGGGAAGGACTTCGCAGAAAATTACAGATGGCAATCACATCCTGCCAGTCATTTGGTCTAGAACCAGAGAAGAAAAACTTTCTTTTCTCTTTTGATTGTTCAGTAACATGAAACAGTGGACTAGACTAGTTCAAACCAAAGAATGTCTTAGGGCACACCCACTTTGAGGACCAGCACCTGGCTATGCTACATGCTCTTCAATTGTTTAGGCATATAAAAAGGAGTGATGAGATGGTTATATGTCAAAATGGCTGTTCTCCCTCCAAACAGGATTTGATTGGCTTATTTGCTTTTGGAGTACTCTCCAAATCCATAAACAAAGGAGTATTGAATTGAAGAAGCAAACAGGAGAAAGAAAAAGGCTAAAAAGGAAAAGAGAGAAGAAGAGG,114401940,114402414,"[114402172, 'T', 'C']"
3,114398480,rs16822593-A,intron_variant,colorectal mucinous adenocarcinoma,CTATATTATTAGCGAGGGTGTACATCCTCTTGGGTAGGAACCTTGTTTTATACACTACAGAGACCCCAGCTTTTTGAGCACAGTAGGATGTTATAACCATGTCATCGGTTAATATAAACAGAAATGGATGGCATTAAGACATGATGGTTTAAAACCCAATTTCTGTAGCTATTGGAATAGTTTAAGATGCTAACAGCCCAGGTGAAATGTTCCATCACAATATTGGGAAGAAACACTACCCACCATCACTGCCATTGCCCTGAAAATGATACCATGTGTGTCTAAGGATGTGGATAAAGGCTAGATACAGAAGAGCAAAGGCAGCTCCGTTCTTAGGTGAAAGTAAGAATTTGCATTAGTTAACACCAAATGGCGATAAGATTAAAATAATCTAGGAACATCAAGTGATCCATGAAAGGAATCACTGGAATATACCAATGGTAAAATTACCATTCATAATCATTAAATCATGGTAAC,114398239,114398715,"[114398480, 'G', 'A']"
2,178995835,rs13019215-C,intron_variant,colorectal mucinous adenocarcinoma,CTAGATTATAGACTGATAATTTCAGAGCTAACTCAAAAAAAGTCTCAGGAAGATTGGGTAGAAACGGCAATGAATATCCACTAAGAGATAGATGAGTATGTGCCAGCTCTGTTCTCTTTGCTATTTAGAATAAACAGACAACTGAGTGTCTAAATTAGCAGGAGAGTTTGACCAAAAGTGTATATTTTCTTACCTAGCTATTTAAGAGCATAATAACTGGACATTTGATTCTTGTGTGACAAGTTTTAGACCATAGTAAGGGCTGGTTAATTTTGTATTGTGCATATTTTTCATTTTATACTTTTTAACATTAAAATAGGTTAACCTGGCCTCAATCTCCACTTATGATGGTGTTAGTTCAAGAATATATAAGATGAAAACATTATATTAAAAGTTTTAGATTCTAACTTTTTTCCTATGACAATGAGTGTGGTAAGAACTGAAACTACA,178995614,178996063,"[178995835, 'T', 'C']"
2,179003258,rs12471607-C,intron_variant,colorectal mucinous adenocarcinoma,ATGTATTGAGTCAATCCGGAAAATGGGATAAAGATCTATTTTGCCCAGTGATTGTTTTTGGGTGGAATTAACCTTATATTGTCATTTATATTAACTTTCTAAAATAAAATTGAAAATTTTTCTTCTCATGAAAAGGAGACAATTTTGGTCATGAAGAAAATGTTGACATAATATTATCTTTCATGTATAAAGATTATGTTTTCCAACAACAAAAAAAATCATGCACATTGAGCTGTTTCTCCAGCGGTGGAGATGAATTTGCCTTGAGTGGCCACATTGTGAAATAAACCTCCTGTCAAAGCATGGCATGCAGCGTAACATAGTGATTAAGAACCAGACCCTGGAGTCCACATTCTGGTTCCACCAGGTAGTAGCTCTGCACATTTTATAAATTACTTTTTCTCACTAGGCCTCAGCCTGTTATAAAATATGAACACTAATAATAACTATCTTATAAGATTTTGTGAAGATTAAATGAAG,179003014,179003493,"[179003258, 'T', 'C']"
5,81187755,rs716897-T,intron_variant,colorectal mucinous adenocarcinoma,ACCTTTATGTAACCTCAGAGTCACTGTTATCTCAGAGAAGACCATGGCTCTTTCCCAGTAAAGGAACCAACCAATGAGCATCCGTCTGCTCCACAGAATTTAGGTTTTGGGGCTGCAGTCCCAGATCTGAGGTAAAGTGGGGACATGCCCTCTGACTTATTAAGGTGGAAAAGTGTGTGACGGTGTGATGGCCTCTACTTAGTGTGTTCAAGGTCTCAGGGATCAGATTTTCCCAGAATGTGAGTGGACATAGTTCATCTCTTCCGTTTCTTATTTTGACAGATGACAGGGGCGGCTTCTAAATTTTTTTGTTGACTATTTGGCATTGCCTAGTGAAACACAAAATTCAGTGTTGAATTAGAGCACTGAGTTCAGGTTTGTTCATTGTTCTTGTTCATTGTTCCAAATCTGAAATGGAGGTTGGGCTAGGACAAACACAGCACAGAAT,81187549,81187996,"[81187755, 'C', 'T']"
9,129161670,rs4837345-T,intron_variant,colorectal mucinous adenocarcinoma,ATTGGCCAAAATGGGAGTGTTTACACCACAGGAATTGGCAAATTCTTCAAGTGAGCTCCACCCACCAGCTGGTTTTAAACATTTACACTACTGGGAAGGTTTGAGATGGGGAGAGCTATGATTCGACTTCAACATGTTCGCATGTACGGGAGTGGAGAGGAGGAGAACGGCCAGTAGGAGGGCAAGCGCGAACACAGGAAGATCAGGGAGATCTGCAGGGAGGTTAGTGCACTAGTCCAGGAGGGAGGTGGTGTGGCTGGGCTGGGAGAGCAACAGCAATGGTACTAAGGTAGATTGTGAAGCTCTTCTTTTTTTTTTTTTTTTTTTGAGACGGAGTGTCTGTCACCAGGCTGGAGTGCAATGGCGCGATCTCGGCTCACTGCAGCCTCTGCCTCCTGGATTCAAGTGATTCTCCTGCCTCAGCCTCCCGAGGAGCTGAGATTACAGA,129161468,129161915,"[129161670, 'C', 'T']"
9,129168215,rs10819474-C,intron_variant,colorectal mucinous adenocarcinoma,ATGTGTACTCGCCTTTCCTTCCCAGTTACCCAAGAAAACTGCTTTTCCCAGCCCCCTTGCAGTTAGATGAGGGCCTGGGACTCATTCTGGCCAATGTGCTCTGAGTGTGAGTGAGGAGAATCACTTCCAGGCTGAGGCCATGAAGAGCCCTTGCAGGACTCCCCAGCTCTCATTCTGTGCCACGGTGGAGATTCTGGAAGCCTTGTGTTGAGACAGACGCAGGCTGAATTGCTGAGTCACCGTATGGAGGGCAGCAGCCTAGGAGACCTGGCAGTCTGACTCAGACTTTGCATGGTCAAGAAACAAATCCTTTCTACCTGCTGGAGATCTTAAAAGAGAAAGAAATCCTTGTGTTAAATCTTTGAGATGCAGGGATTAATTTGTTACTGCAGCATAGCCTGTCGTATACTAATAG,129168002,129168416,"[129168215, 'T', 'C']"
14,84647825,rs11159673-A,intergenic_variant,colorectal mucinous adenocarcinoma,ATTATTAATATTTAAATCTTATGAGAACTCTTTGAAGTTGGCAGTTATTATCAACATCATCTCTATTCTACAGAAGAGAAAAAACAACGTAAAAGTTTAAATTTATTGCCTAAGAGGACATAAAAGAGGACATTAAGTGAATATTTTGGGGGATATTTTTGATAGAATAAATAAAATTGGATTGGGGCCAAATCATGAAGGATCTTACATAACAGATCAATCCACATTTCATTTCAAAAATATTTATTGTCTTAGGTACTGAGGAATATAGCAGTGAAATGAGATATTATAAACACAATTTTCTTCAACTCCTTATTTTACTGATTTGAGTTTCAGAGGACTGAGGCCACATGAAAATCTTGCAGTTAGTAGAAAAAAGTAATTTCTACATTTGTTTATATCATTATCAGTTCAGTTATCTCACCTCAATGT,84647612,84648043,"[84647825, 'G', 'A']"
9,129176634,rs1075650-G,3_prime_UTR_variant,colorectal mucinous adenocarcinoma,CTTCCCGGGTCTGACAACTGATTGGAATCGGCTTCCCAGGTCCGGCGCCCTCCTGAGCTGCGCCCCCGGCGCGCCCCGGCGGCCAGGGCGCCCTGCCTCGCCCCCGGCTGCCCGGCACCTCCTCCGGGCAGCAGCCCTCCCTCACGTGGTAGGCTCCTCGCTAAACACCACTGCAATCACTACAATAAAAAGAAAAAAAGGAGTAGGAGAAACACAAAGCATACTTAAATAGGCGCTTTTTCGCTCTGCAAAAATAAAGTCCAAGATTTTAGATTTCTTTTTTTTTTATTTTACAATTTATAAAACATCAGCCGCCTGCCCCCGCTCGCCCCCAGCTCAGCCCCGAGTGGCCCGGCGCCCGCTCGTTCCCTCCTCTCGCCCCTTTGCCGAGTCTTTGTCTGGCCCCAGCCCCGCGGGGCCCCGGGTCCCTGTGCCCTCGGGGGTCCCTAGAAG,129176392,129176844,"[129176634, 'T', 'G']"
6,1294916,rs6596805-G,intergenic_variant,colorectal mucinous adenocarcinoma,AAGAAAATGTGATACTGTATCACAGGAACTTGTACAAGTTAACCTGTATTCAACTGGTTTTATTCTTTTTTATGGCTGAATAATATTCCATTGCTTACATACAATCCTTAAATGGCTTTTAAAAATAGTAAAAGATAAAGAGAACATCGAAAAGGACCTACAATTTGCTATAATTGACATCAGCATCAGGGTAAACCCTGCAGCCCTCAAACCGGTTACTGCTGAATTGTGCATTCCCCATGGGATCCCACACTGCTTCCAGTGCCACAGCCAGATCCACACTAAACCCTTAACACATGGAAATGGAATGCCAGGGAGGGAGCTGCTAAGCAGCACTATTAATGCCAACACTCTCTTCTTTACTCAGCTATCAATATAAATTGAAGTCGGTAAAACTGTGAGATGCTTTCAATTAAACAGATGTATGCTGA,1294703,1295133,"[1294916, 'G', 'G']"
12,23683278,rs11047047-G,intron_variant,colorectal mucinous adenocarcinoma,CTTTTTTACAATTATTGTGATAGCATTTACACAAATTTATAAAGGGAGTAAGATCTCCAATGTGATATGCAAGTAATTAATGTGATAAGCAAGTAACTAAGCCCTAATGATGGTGTAAATCTGAGTGTTAAACATATTTCTAAATCCAGAAGAAGGAAATACATAATAGAGATTTCTTAGCTTTTTAGTTATTCTGCTTGTGTCTGATTGTCCACGCTGCCAGTGGGATTATTCTTCAGTACATTCCATTTTATATTTTTTAAAAAATGAAATGGAATGCATCAGAATTTCAAAAAGAAAACTGGTGAAAACTTCGGTTCATGTTCTTGAATTAATGCTATCTCATAGTTCATAACTGATCTGGAAAAATGTCAGTGTATCACTCATTCTTACTGGATCATTCATCTTTTAAAACTACTGTTTTTCATTTATTAATCTAAAACATGA,23683063,23683509,"[23683278, 'A', 'G']"
10,88820573,rs1661281-T,3_prime_UTR_variant,colorectal mucinous adenocarcinoma,CTCTGAGGTGACCAACCTCATCTACCATAAGAATATTCCTGAATGGGCTCACGTGGATTTCATCTGGGGTTTGGATGCTCCTCACCGTATGTACAATGAAATCATCCATCTGATGCAGCAGGAGGAGACCAACCTTTCCCAGGGACGGTGTGAGGCCGTATTGTGAAGCATCTGACACTGACGATCTTAGGACAACCTCCTGAGGGATGGGGCTAGGACCCATGAAGGCAGAATTACTGAGAGCAGAGACCTAGTATACATTTTTCAGATTCCCTGCACTTGGCACTAAATCCGACACTTACATTTACATTTTTTTTCTGTAAATTAAAGTACTTATTAGGTAAATAGAGGTTTTGTATGCTATTATATATTCTACCATCTTGAAGGGTAGGTTTTACCTGATAGCCAGAAAATATCTAGACATTCTCTATATCATTCAGGTAAATCTCTTTAAAACACCT,88820336,88820796,"[88820573, 'G', 'T']"
15,31064935,rs919001-A,intron_variant,colorectal mucinous adenocarcinoma,TTTCAGAGTTTCTAATTTGCTTCCATGAGGTGTTTCTACAGTCAGGGACTCTTACATATGTTGAATAACTCTGCTGTGTCCACCAGAGTAATTACAGCTAAGTTCATTTCAGCAGACATGCATTGAGGGTCTGCTTTGTGCAAAGCCCTGACCAGGAGATATTGGAAAAATGAACTAAGATATCCTGGACTCCGCCTTTGAGATTTCCAACCCAAGCAAGGATTGATATTTTCAATCTTTAGGAATATGGTGGCCAAATCACCTTCTTTTCGAGCAACAGAGTAGAACAGGTTCTTCTTGGCTTAGGCTGGAGTCCTCGAAGCTCCGTGCTGTGGGAAGTGACAACTGAGCACCCCTTTGCTGTCCCTGCCCTGCTCAGAGCCCTAGGCGAAGGATGACAAAGGGAAGCCCACAAGTCACATGGCCAGGTGAAATG,31064710,31065145,"[31064935, 'A', 'A']"
12,11809639,rs7314811-C,intron_variant,colorectal mucinous adenocarcinoma,GCCATAGCTAAAGGAACGTATTATCAGCTATTGATTTCCTCTTCTAATAAAGAGGAGAATGATATGGATAGTCCAGAATAATGGATCATTTGCAAAACATTAATGTGTCTTGACTTAAGGTACATGTTTATAATTACCTCGAACTGTATATTTGTCTTCTTCCATGTGTGGTTTTAAATTATTTTACCAAAATGGGGAAGCCAGGAGATACATACTTGATTCAGTAAAACCAGCTTTTTATCCGTAGTTTACTTCCTGCTGCATCCTTTTTTCGGCTGAGAGGGATCAATGTCTGCAGGTGTCCCTTAATCCATAATTAAACCATATGCACATCTACCCTCCCAGTTTCCCTGCCCACCATAAAACCTTCATCTTGGCTATTGCTTGGAAAATGGGGAGGGAATAGAGCTTCTGCTTTTTTTTTTTTTTTTTTTTTTTTTTGGAGAGAGTCTTGCTGTGTCACCCAGGCTGGAGTGCAGTGGCGTGATCTC,11809398,11809888,"[11809639, 'T', 'C']"
12,11812006,rs16907305-A,intron_variant,colorectal mucinous adenocarcinoma,GAGACTAGATGACCTGACCAGGTCCTAGGCCAGTCAGGAACAGAGCTGGGATTTAAACCAGAGCTGCCTGGTCCAAAACCTGTGCTGGTCCTGCTATTTTATGACACCTAGAAGGGAAAAGGGCAGAGAACTGGAAAGCTGAGATGGAATCACCTACTTAAGAATTTTGCAGAAGGCTAACCCTGTCTAAAAGCATCGCTTTGCAATCAAACACATGTGGCAGTAAAAATGTCCCAATGCTAACTCATTTTAAGCCTTGGTTTTAGTCTACCTAAAATTTATAGAACACTGTAAAATATGCTACATGTAATAAGATATTTATTAGGAGTCTTCTTGCACTTGTTCAGAATGCTTTTTATTATGTTTCTGCTCATTATTGTAGATATTCTCCCATTTTGGAGAAATTGACCGCGTGCACACTCTTCACTGGAGTTTT,11811797,11812232,"[11812006, 'G', 'A']"
1,155176305,rs4971059-G,intron_variant,"breast cancer, lung cancer",GCCAGTTGTGCAAGCCCCCACCACTAGAGGCCACCAAGGGCTGCACAGAGTGCCGCGCCACCTTCTGCAATGAGTGCTTCAAGCTCTTCCACCCCTGGGGCACCCAGAAGGCCCAGCATGAGCCCACCCTGCCTACCCTCTCCTTCCGACCCAAGGTGAGCCAGCCCTTCCAAGGCCTGGGGAGGGAGGGACATGCTGCTGCAGGTGGGTGGGGGTGCCTGGCATTGTGGGTTTCCAAAAGGAAGTGGGAAGGGTTTTCCAATGCTAAGCACCTATCTCTGTAATCTGTCACAAAGTCACTGGACAAATCATTCAACAACTTTGGGCCTCCATCTCATTTACATCCCTGTAGGGGGATGGTAGTATCTGCCCTGCAATGTCCATACCTAAAGGGTTGCTGAGAGGATGGTGTGAGATAATGTTTGTTCACTAAAAAGTGTTACCTGCACACTGAAAAGGTC,155176077,155176537,"[155176305, 'G', 'G']"
1,46135245,rs1707302-A,intron_variant,"breast cancer, lung cancer",CAGAGAATAAGTGATGCAAGAGGCAATGATGAATCAAGGGGAAGCAAACTTTCTTAGTCCTTGAGCTTAAACCAGTGCCCTGCCATGGGGGAAAGCACCTGTGAGATGATTCTGGTCTTTCTTTCAGTTGAGAAATAGAAGTGAGGTTGTGATTGCTTGTCACCAAACTGCCCCAGGCTCTTTGGCAAAGGTAAAAAATGTTAGCTCGGGTGTCCTGGACCACTTCCAAGTTGGAGAATTATATTTGACCTGGGTGTGGATTAAATTCAGCTCTAAGCACTCAAGCTCCTGGGTCACAACCTGCTACTTTGGGAGCTGCTTGTTTTCCTTTGCCCTCTCCCTTTCTTTTTTTAATTTAAAGTAGTCTTAGGTAAATCATGAAATCTGCTTTCATTTATATATCTATGAAATAGATTTATGCAAGCTGCTTAGTTTATAGTGAAACACTTAGAAT,46134998,46135451,"[46135245, 'A', 'A']"
10,62687592,rs224121-A,intron_variant,"breast cancer, lung cancer",GTGTGAGGTTAAGGCTTCCACTGGCACAAGGCCTTGGATAGAAATGAATCCTTCTGTTTCCTCCTCTGTGAAATGGAGATATCTGGGTGTACTCCATAACTTCTACAGTTAGCCTTACTGATTTCTAAGTATGAGCTTCTCAGGGGCTAAAGTCTCTTTACTCATGATTCATGGTGATTTGGGGAGTGGATGTATGACTCACCCCTGTGTACTTATTTAGATACATTACTACTTACCCAGGCAGCCTTGAATAGACTTGCAAAGTCAAATATGGGCCCAATATTCTAATACCTGAAAAGAGAGATGGGTTTTGTCTGTTTTCTAAACATCAGTTCCTTTGGCATACAAAATTCCAATAGTAGTTATTGAAACCCTATAGTTTCTTGTCAACTTGGATGAAAATTATAGTACTTTATCAGTCAGGATACAGTCAGGAAAATAAACAATACT,62687370,62687819,"[62687592, 'A', 'A']"
10,79129101,rs7097066-G,intron_variant,"breast cancer, lung cancer",GAGAGCCTGGGCGTGCTTAACCCATCCACACCTCAATTTCCTCATCTGAAAATGGGGATGATAATACTTCCTTCCCCGTTAAGTATTGTAAGGATTAGATTAGCAACATATGCACAGTACTTAGAAAGTCTGGTGCAGGGTAACACTTGGTATGTGTTAGCTGGTACTCATAGTAGTAAGAATAGTCTAGCAGTTGGGAGTAATAACAGCAGCCACCTGCCGTTTGTTTAATGGTTTTTATCAGATGCTGTGCCGGATGCTAAGCACTTTAAGTACATTATTTAATGTCACTCTCCCCCACCTCCCAGCAACCATACACAAGGTACTGTTATAAGCTCTGAGTTCCAGATGAGGAAACTGAGACACAGAGAGTAGTTGAACTGAAAACCAGAGTTCAGCATCAGCCCCACTAGGGTGGCCGTCCAGATTGCCTGGGACCGTCCTGGTTTTAGCATGGAAAATTCTGTG,79128868,79129335,"[79129101, 'G', 'G']"
14,92636964,rs10498635-C,intron_variant,"breast cancer, lung cancer",CATGATGTGGGCCAGGCATGGTGGCTCATGCCTGTAATCCCAGCACTTTGGGAGAAGGAGGCAGGAGGATCACTTGAGGCTGGGAGTTCAAGACAGGCCTGGACAATTTAATGTGACCCTGTCTCTTCAAAAAAATTAAAAATATATAAAAAAATAGTAAAATAAATGGTGTGTGTGCGTGTGTGCTTGGGCACGCGTATGTGTACATTAAAGAAGGGCCAGCAAGTTTACTCTCCAGAGTGTAGACCAGCAGTCCCCAACCTTTTTGGCACCAGGGACCACTTTCGTGGAAGACAATTTTTCCACGGGCCAGGGGTGGGGTGGGGATGGTTTCGGGATGATTCAAGCGCATTACGTTTATTGTGCACCTTATTTCTTTCACTATTACATTGAAATATATAATGAAATAATTATGCAACTC,92636759,92637179,"[92636964, 'C', 'C']"
19,17292224,rs4808616-C,3_prime_UTR_variant,"breast cancer, lung cancer",TCGAAGTCGATCCTGAGCGCGAGGCACCAGCCTGAGCCCAGTCTGCAGATGGGAAAACTGAGGCTCCAGGCGGCGAACACCCTGCCCTGTGGTCACCCAGCACAGGTCCGGAGACTCCGATTGTCACTTCTGTTTATTGAGTTACAAGTTGAGATGTGCAGGTTCGGTGGCGCCAGCCCCCCCATCCCCCCCCCTTGGGCAAAAATAGCTCCCAGCGCCGAGGAATGGGGGGTAGGAAGGGTCTCGGATAACGGGATGGGGCCTCGAGGGTCCCTGTGGGGCTCGTGGGTCCCAGGATCAAGCACGGCTGACACGGAAGACAGCGGGGTGGGGGGCCTGCCTTGGCCGTGGCGTTGGGGGGAAGGTGAGGGAGAGCTTCTGTACAAGGTCATCTTCCGTGAGGGTCCCGGCTGCGGCCCCAAAACGCCGATGGGCC,17292016,17292451,"[17292224, 'C', 'C']"
2,173348166,rs1550623-G,intron_variant,"breast cancer, lung cancer",ATTAGCATTGTTTCTAAATCTCATCTAAAAATGATACATGCTATTAGCGGTTGCATTCTTTGTCCGAAAACCAGTCATTCTGAGTTGAAGTTTAACTTACCTCATTATGTAAGTGCTCTGAACCTCACAGTCAAGTTTCAAACTTAATAATAGGAAATGGAATTCTTTGTGCAAGGTGAATAAAAGGTATAGAGAAACACAGAATTCTTAGGGTTTGTAGTAGCCCAGGGAATTCAAAGCTCTTTAACAAGAGATTGATATTTTAGAATATTTTGAAGATTTAAAATTCCAGGGCTGGGGATGGTGGCTCATGCTTGTAATCCCAGCACTTTGAGGGGCCAGGGCAGGCGGATTGCTTGAGCCCAGGAGTTCGAGACCAGTCTGAGCAACATGACGAAACCCCCATCTCTACAAAAAATAGAAAAATTAGCCAGATGTGGTGGCCTACATCTG,173347956,173348408,"[173348166, 'G', 'G']"
5,1297373,rs2736108-C,regulatory_region_variant,"breast cancer, lung cancer",AAATGAAACAGTGGATTCAGTACCAGCAGTGAAAAATAACAAAGTATCATTCCTTCCTCCACAGGAGTGAGAGGAACTCCTCTGCCCCTGGGGGGGGATAGGGAAGGGGCTCAATCCCAGTAGAGTAGGAGGGATGGACTTTAATTTCTACATGTTTCAGCACACACTGAGACATTGAGATTCAGGACAGTGTCCACACTCGCGCCCTGATTCTACATCAGGTTTCTACTGGCAGATGGCAACCCCACTGGGACCTGAAGCCTGCAGCCTCCCAGCTGCCCCTGCAGTGGGTCCCATGGGATAACAGGTGGTCACAGAAACTGTGAATATGTCAAGAGACGGTGTATCCCCAGTCTACGAAGAATTACAGAAAATATCAAAGGAGGGTAACTCCTGAGTAAAGGGGAAATTGAACTCCATGAACTCCTTACCAGTGGGTGTGACT,1297173,1297617,"[1297373, 'C', 'C']"
5,1308437,rs4635969-G,intergenic_variant,"breast cancer, lung cancer",GGCTGGTCTCGAACTCCTGACCTTAAGCGATCCACCCACCTTGGCCTCCCAAAGTGCTGGGATTACAGGTGTGAGCCACCAAGCCTGGCCTAAAATATGTTTTGAAATATACTTTCAGTGGGTAAAAAACATTTTAATGTAGCATTTTTTTTCCTTTTGGTTTTAAAAAATGTCTTTTGTCTTGTGTTTCCTACAAGAAATCTGTATTGTTTTCGTTGTTTCTTGGCCTGTCATTAATCTCTTTTCCTCTGATACTCTTAAGATATTCTCTTTGTTGCTGGTTTTCAGCAATTTGACTGTGATATAACTTTTAATTTCTTCCTGTTTCTTGTGCTTTGTTTTGTTGAGCTTCTTGGATCTGTGGTTTTATGTTTTTCCTCATATTTGAAAAACTTTTAGACATTATTTCTTAAAGTATTTTCCCCCTGCCTCTGCTCCTACAGGGCCTCTGCTTACACATATGT,1308223,1308686,"[1308437, 'G', 'G']"
5,133105610,rs13718-A,3_prime_UTR_variant,"breast cancer, lung cancer",CCTGCCAATTTGTACGTGTTAAGCAGCTGACAGATGATGCAAAAAAAACTAAGATACACTGGATTGTACTGGATGAGTCTGAAATTAGTGTTAAAGAAGTGTGGTGCCTGATGTTATAACAACACCTCATTCTTAACTGTGTGGCCAATGTCAGGTATACCAAAGCATTCCTCTGACTGCTTTTTGGGGCAGTGTTGACAGGAGTGAGGCATTTTGGAAACTCCAAGGGAAGCCTGTGTTTGAGGCCAGAGTTGGTACCTGCTTTAAGAAACTGTTACAGGGCTTGTTGGTAATGTTTTGAATCTTTGTAAAAATTGATATTCTGTATAACAGAGTGCCTCTCTGTTACTTTTGGCCTATGTTGTTAGAAATAAGATGCTATCTTGCATAGTTAGAATTAAGCGTTTGTCCATCTCTAGATAACATTGAAAAGTTTGAGTGTTACAGGCTCTAAAGTGCAATG,133105386,133105848,"[133105610, 'A', 'A']"
5,56733416,rs16886181-T,intergenic_variant,"breast cancer, lung cancer",AACATGCCATGTTTCTCCCAACTTAGCACCTTTTCATGAGAATATGGTGTCTCTCCCTAATCCCATCATAAACTTCTGGTGGTAGAACTGTACCTTATACTTCCTTGTATCTCCTCTACCTAGTGTAGTTCTTTGCAAATAATAGATGCTCAGTAAGATTTGTCACATATTTATCAAAGAGCTCACCACAACTAATGAACCTGAGATTCCCATAGGAAAGAGAGGTCCTTAGGAGTTTGCACTTACAGACATGACTTCCCACCAAAAAGTCCCCACCCCCTCAATGCCTTAGGTCCCTCTCTACTCTGGGTGGGTTTTGCCCTTATGTGGCACCCGGAAGTCCCTGCTCTGGATTCCCTCAAAGCCCTGTGTTTTTGCCTCCAACAGCCCTCATGCCTAGACCATCCCTTGTGCTGAACGTGCACCTAATTCAACACCCTAGTCTTCAGACCCGTGCAATTTTCACTCCCTGTAAGGAAGTC,56733173,56733654,"[56733416, 'T', 'T']"
6,25982782,rs13212534-G,intron_variant,"breast cancer, lung cancer",CACTTATTAGGTGGTTACCATGTACCAGGAATTTTACCAAGCATTAAGCAAACATAAGCTTATTCAATCCTACCCACCATTCTCTGCAACAAATACGGTAATTTCCACTTTATAGTTAACAAACTGAGGCTCAGAAAGTTAAATGATTTGCCTAAGCTCACCCAGTTTATAAGAAACAATAGTTGGGTTTGAACACAGGCTGGTTTTATTGAAAATAACTTGTGGCTGGGCATGGTGGCTCACACCTGTGTAATCCAGCACTTTGGGAGGCCGAGGTGGGTGGAACACTTCAGGTCAGGAGTTTGAGACCAGCCTGGCCAACATGGCGAAACCCCATCTCTACAGAAAATTTAAAAAAATTAGCCACTTGTGGTGGTGCGCACCTGTAGTCGCAGTTACTCCGGAGGCTGAGGCAGGAGAATTGCCTGAATCCAGGAGGTGGAG,25982581,25983024,"[25982782, 'G', 'G']"
6,27283600,rs13207082-A,intergenic_variant,"breast cancer, lung cancer",GAACGGCCCTTTTTTTTTTTCGCTCAGCTCATGAGGTACCCATTTACCAAGGTTTTTCATCTTTCCAATTTGCTTCAAATGCCGCACGGTAAAATGGTCGACGTTGAATTATTTGGCAACTTCTCTCGTAGTTGTAAGAGAATCAGCTTCGCTGATTGCTCTCAATTAGTCTTGTCAACTTCCCATGGCCCGCCACTACAACTCTTCATCTTCAAGGCTCTTCTCACCTTTGCAAAACTTCTGGAACCACCACTGCACTGTACGTTCATTAGCAGTTCCTGGGCCAAAGTGCATTGTTGATATTGCGAGTTGTCTTCGCTGCTTTATGATCCATTTTGAACTCGAATGAGAAAATTGCTTGAGGCCGGGCGCGGTGGCTCACGCCTATAATCCCAGCAATTTGGAAGGCCAAGGCGGGCGGATCACCCGAGGTTGGGAGTTCGTAGACT,27283366,27283814,"[27283600, 'A', 'A']"
6,28364364,rs13214023-G,intron_variant,"breast cancer, lung cancer",TAATTTTTTAATTTTAATTTTTTGTCGAGATAGAGTTTTGCTATGTTGCCTAGGCTGGTCTCGGACTCCAGGGCTCAAGCAATCTTCCTGCCTTGTCCCCTCAAAATGCTGGAATTACAGGCATGAGCATGAGCTACTCCACCTGGCCTGCTTATCCCTTCTGACCTTGCTTTCTCCTCTCCGTGCCAGTATTCTAGTTAAGTTAAATGGGTTGAAGTCGATACAACCCCGAGTACAGGTCTGGCTCACAGGAGATGCCCACTAAATGTTGATGTCCTCCTGTTCCTATCCCTGACCGAAGAGGAAAGCTGGGAGGCCTCTTCAGGAAATGGGCCTTGGGACCATAGAGTGTGAGAGAAGTGTCCTTAGACATTGACTATAGACCCTGACCTCAGAGATGAAGGTGCAGAGGCTGAGAAGATTGCCTGATTGTCTGAGGCCACGTAGCTAATTGGTGGCATAAAATTCAC,28364134,28364603,"[28364364, 'G', 'G']"
6,29931900,rs2524005-G,intergenic_variant,"breast cancer, lung cancer",TCGTGGGCTGCATGTGGCCCAGGACAATTTTGAATGTGAGGACTTTTTTGCTTATCTGTGGTGCACCTGAGTCCCGGAGTGAGTGCACCCACCTCCCTCAGGGTCAGGAGTGAATGCTTTAGGAACCCTCCTTTTCAGTGACCTGAAAAAGATAGAGGGCACACTTACTGTGATAACCCAGAGTATCAGTCAAGGGGGCTTGACCTTCAAGGAGTTATGGGAAAGCTTAATAAAGGGTGGTGTCCCAGGGTCAGAAAAGATGGGCAGACAGCAAGAGCACTGCTTGATATCTATGATAAGCATGTAAGAATTGAGGAGCCCTCTCCCTCTCCCTCTCCCTCTCCCTCTCCCTCTCCCTCTGCCTCTCCCTCTCCCTCTGCCACGGTCTCCCTCTCCCTCTCTTTCCACGGTCTCCCTCTGATGCCGAGCCGAAGCTGGACTGTACTGCTGCCATCTCG,29931687,29932144,"[29931900, 'G', 'G']"
6,31757453,rs3117574-G,non_coding_transcript_exon_variant,"breast cancer, lung cancer",CCGGGTTCGCGCCATTCTCCTACCTCAGCCTCCTGAGTGCCTGGGACTACAGGCGCCCGCCACCACGCCTGGCTAATTTTTTGTACTTTTAGTAGAGACAGGGTTTCACCCTCTTAACCAGGATGGTCTCAATCTCCTGACCTCGTGATCCACCCGCCTCAGCCTCCCAAAGTGCTGGGATTACAGGTGTGAGCCACCGCGCCCGGCCCTGATAGCCGATGAGGTTTTTTTGTCATTGTTCTTCTTGTATCATTACAGACTCATGGCCTTTTATAGCTATATTTCTCTTTCTCCCGACTCTGTACAAACTCCTTTGTTTTAGAGTTTGCACAACCCTCTATCAAAGCACCTACCACCTCACTTTTAAATCTTCTGCATGTATTTCTGTCTTCCTTCCTAGACTGTGAGCACATCTGGGACAGGGACCATATCTTTTTTTGTTTATTTGTTTTGTTTT,31757236,31757692,"[31757453, 'G', 'G']"
9,22003224,rs3217992-C,3_prime_UTR_variant,"breast cancer, lung cancer",ATACGAACTTAACAGGTATATTTAATTTTCTGTATTCCACAATGGAGCTAGAAGCAGGACTCATGAAAATAGTAACTATATGTTTTGCATGTATCCTTCAAAGTGAAATCCTTAACAAATTTAACAGTATATATTAGGCTGCTGATGAAACAGCTAAACCTGTCTGCCAGGTGGCTTCGAAAATGGAATTAATTTTTACATGGCATTGATAAGTTACTATTTCAATACAACCAGGTGGTAATTGATACCCAATAATGTTTGAGGTTTGCTTTAAATAAAAAAAACTAACAAAACAAACAAAAAAAACAGTGTAATATAGTACTGTGGGATCCACAATAACATTTTCTTTAGTTTCCCTTAATATCAGGTTGTCATTAGGAAAGATTCCACAAGTTATTTAAACCAGAAATGAAGTAACATGTTTCATATCTATTTCAAGGGATAATTTTTCATGACCCAGTATAATGC,22003002,22003469,"[22003224, 'C', 'C']"
16,50069823,rs4785204-T,intron_variant,"squamous cell carcinoma, esophageal carcinoma",ACACGACAGCCCTTCCTTCCCCAACAAAGAATTTTCTGGTGGAGAATTTCAGTAGTACCTGGATTGAGAAGCCCTGCTTTAGAGGGTCTCCTGGGCTGTACTAGAGGGGCTTAAGAGCACCAGCTTTGGAGTCAAATGCTAGGGCCTGAATCCCAGCTTCACCACATGCTAATCTAACACCTTCAGCAGCCTCCCTGTACCTCACTTTCCCATTTGTAGCTGGAGATTGGGGATAATAATAGTTCACCTACCTCATAGGTTTATTGTGAGGATTAAATGACTTGATACATGTAAAATGCTTAGAATAGTACTTTAGAAGGCGCTATGTAATAAACAGAAGGTGCTAGGTAGAAGCTCTTATTTCATCTTTTGTTGCCTTCCTACTGTCTTTTATTACATTTATTAGGTAAAATACTTTGTATTGATTTTGTACTACTGTTTGTAAGGATTCGACTGGCTTGTT,50069607,50070069,"[50069823, 'C', 'T']"
17,41741012,rs6503659-A,intergenic_variant,"squamous cell carcinoma, esophageal carcinoma",CCTCCCAGTTCAGAGAAGAAGCTGGGCGACCCTCCCTCTCCCGTACCCAGGGGTGCCTGTGCTCACTGGGTTTGCTTCCACATAATACTACTTATGAGCCAACTGTTAGGTCTTATAAATTAGATGCCCACCGTGGGCATCTGCCCCATGGCCTCTGGAGGAATCCTGCCAGAGGATGGAGATAAAGGAAGGACAAATACCAAGTGCCTTTTGCAGACGCTATGTCCGCTCTTCCTTCTTCAAGCCTCAGCTCAGACGCCACCCAGTCTTGGGAGCCTCCCCTGATCTAACCTGGCTGGATCTGGGTCCCTGCCTCCCAGATCCAATGTGCTTCCCTCTACCTCAGCCTTCCACACACTGGGGCAAAAGCAAGAAGGGCTTCTGTGCCCAGCTTTTAGTATCTGAGCCTGCCTTGGCCCATGCTTGATGGGCTCAGAGGGAAACACTTG,41740810,41741258,"[41741012, 'A', 'A']"
22,28796682,rs2239815-T,non_coding_transcript_exon_variant,"squamous cell carcinoma, esophageal carcinoma",TTTTCTCATCTCTTGAGGACTTAAAAGTGGAAATAACAATGGTTAGGGAAAGATTTCAGCTGTAAAGAATGGTTTTCTAGTTTTCTTGAAATTTGTCCTGAACATTACCTTCACAGAGTAAAACTGTGCTACTGTCAATCTTAGACCATTTGATTGTTGTCACTGAATTTGCCATAATCTGTAGACTAAAACTCACATACCACCCTTCTCTTACCACAGAGGTATCACTATTACAAAGAATCCTTTCCCTACTCATTCATATTCATCAAAGAACTACTTTAATTTTAGTAGCGTTCAAAATCTGGTTTGAGTGGCTCTCTTACTTTGGTTCTCCTTAATGATTGCATGGTAATCTTGTTGGCTACTGCATTTGTTAGTACTTGTTCTTAGGGAGCCATGTAACTTGTTTTCATTATTAGATCTTAGTACTGTTCACTACA,28796451,28796890,"[28796682, 'T', 'T']"
3,187075454,rs2239612-T,intron_variant,"squamous cell carcinoma, esophageal carcinoma",TTCCATGGATACATTCATTGGCTGATTGATGGAGTCATTTAATCTACTAGCATTTAGGGAGGATCTATTATTCACCAGGCCCTGGCCTAGGTGCTGGGGATTCAAAGGTGTATAACCCTCACACAGCCCTGCATCCTAAGGAACACTGCTGGGCTTGGCTTGCTGAAACTTAGATTGGGAATCACAGTCATAAATAGAAACTCCAGATGGAAAGCTCTCCAAATTTGGGGTCATGAGCTGCTGAACCCACTGGGCAGAGCTCTGGGGTGCTGGGGTGGGTTGTCAGGCATGACTCACCTCTGCTCCCCTCTCCAGGTATCATCATCATGATGACGCTGTGTGACCAGGTGGATATTTATGAGTTCCTCCCATCCAAGCGCAAGACTGACGTGTGCTACTACTACCAGAAGTTCTTCGATAGTGCCTGCACGATGGGTGCCT,187075247,187075687,"[187075454, 'G', 'T']"
17,2268343,rs17761864-A,intron_variant,"squamous cell carcinoma, esophageal carcinoma",CTCATTATGTTGCCTAGGCTGGTCTCCAACTCCTGGGTTCATGCAATTTCCCACCTCAGCCTCCCAAAATGCTGGGATTATAGGCATGTGCTACTGTGTCCAGTCTAAAAGCTTTTTCTAAGCTTCATAATGGGTACTGGCTCTCAAACTATAAACCTAAAGCCTCATGATACAACTCTAGGAATTAGAACTCATTCCAACAGAAAGCAAGTCACCTTGTCTAAGGAAACCTTATAAAACCATGATCTGATCTATAATTGTTTTGCGGGGAGGGTGGAGGAATTAGATGTGTACCACTCATACACAGCAGCTTTCACAGCAGCAGCAGCTCAGGTGCACAAACTACGCAAGGGGCACTGAAAAGACAAATGATGAGTCTAAAGAAAATATTGGGTGGGGAGCAGTGACTCATGCCTGTAATCCCAACACTTTGGGAGGCCGAAGTGGGCAGATCACTAGAGGTCAGGAGTTTGAAACCAGCCTGGTCAACATGGT,2268099,2268593,"[2268343, 'C', 'A']"
18,12821594,rs2847281-C,intron_variant,"squamous cell carcinoma, esophageal carcinoma",ATTTTCAACCTCTTCATTGGGTATTTCCTCTACACCTAAAGAGTGACAAAGTTTGTCAACCCTATGTCCTAACCAGATGTCAAATCTGTACCTTCACTATCACTGCCTTAGTTGAGTCTCTCATCAATTTTTGCCAGGGTCAGCATGTCAGTGATAAATATTTACTGACTGGGATTCATTGTGAAAGGCAGATCAAACTCACCCGATCAGGAGGAGTGGCAGAAACGGCTAGGGACAGGCTTGCATTCTCAGCAGAGAGAAAGCAATATGCAAAGGCATGCCACCCACCCCCACCAAGGAATTCACCTATTAGAGAAGTCTGTCTGTTAGCACGAACAAATCCTGGATACCCGAAGGAGAGGGAGTTAGACAAGGAGGCAAGGACCAGGCTGAGCTGGGTCATGGTCTTGTGCACTGGACACAGACTTTTT,12821391,12821821,"[12821594, 'A', 'C']"
22,28719078,rs4822983-T,intron_variant,"squamous cell carcinoma, esophageal carcinoma",CAGAGCAAGACTCTGACACTAACACACACACACACACACACACACACACACACACACACAGGAAATAAAAAAAGAAATATTTGGCTGGGCATGGTGGCTCACGCTACTAATCTCAGCACTTTGGGAGGCTAAGGCAGGAGGATGGGTTGAGCCCAGGAGTTCAAGACCAGCCCTGGCAACACAGCGCAACCCCAACTCTAAAAAACAAAAACACATATTAGTTGTGCATGGTGCTGCATGCCTGATCTCCCTTGACCTGGGAGATCAAGGCCACAGTGAGCTCTGATCGTGCCACTACCCTCCAGCCTGGGTAACAGAGCAACACCCTGTCTCACAAAGAAATAAAATAAAAATAAATTAAAATGACTGTGTGAAATAACACACAAAAATAAAAATAAAAAATAATACACAAATAGATACCATACAAA,28718863,28719290,"[28719078, 'C', 'T']"
18,36114157,rs1050631-T,synonymous_variant,"survival time, squamous cell carcinoma, esophageal carcinoma",TGAGCACTTCATTGTCAAAGTAGTAAAAGAAAAAGTAACATTTTTATAATCTTGGAAGTCACTAATATCCTCATCTAAACTAATCTATTCTTTGTTAAAATTTGACTAGGTGTTTAATGTGACATTTTCAGAATCAATCAACAAGGAACAAATATGTAGATATATACCAATTGCTAGGCCATCGCTGAAATTGTGCAGGCCATCACCCATTATCACCATCCAGGCCATAGTGGCGACGCCGGCATCTTTCAGCTCCTCCCGAGAGTAGCGCTGGCTGTGACTGTGAGGATGGTGGTTTTGGTGGTGGTGATGATGGAGAATATGATGGTAGTCATGATGGTGGTGAATGAGATCGTCTGACTGGCCGAGTGTATCGTGGAAATGTGAATGGCATTTATTCTTGCACCCTCTGGGTACATATTCATTGTAGACTTCCTGTGGATGAG,36113930,36114375,"[36114157, 'G', 'T']"
18,45831894,rs11877682-T,intron_variant,"esophageal carcinoma, gastric carcinoma",CCAGGTGAGTTAAGGACAAGGATTGGGCAATTATACTTCAGCTGGTCCAACATGCTAAATTGAGCTGCAAATGGTGTAGTGTCCAGGTACCAACATCTTTTTTTTTTTTTGGCGGAGTTTCACTCTTGTTGCCCAGGCTGGAGTACAGTGGGGCAATCTCGGCTCACTGCAGCCTCCGCCTCCCGGGTTCAAGCGGTTCTCCTGCCTCAGCCTCCTGAGTGGCTGGGATTATAGACGTGCACCACTGTGCCCAGCTAATTTTTGTGTTTTTAGTAGAGGCAGGGATTCACCACCAGGCTGGTCTTGAATTCCTGACCTCAGGTGATCCACCTGCCTCGGCCTCCCAAAGTGCTGGGATTACAGGCGTGAGCCGCCACGCCCGGCCCAACATCTTAACCCCCTGTGGCATCACCCTGAGCACTTTCCCACCACCCTCTGTTCACACTCCCTGTGCAGGACTAGTGAGGGAAGGGAACTAACACATATG,45831647,45832133,"[45831894, 'C', 'T']"
1,45986078,rs149015592-C,intron_variant,"esophageal carcinoma, gastric carcinoma",AGGTGTTCCATATTTTTATGCAATTATAAGTGGTATTGTTATTTTTCATTTCTATTTACAGTATGTATAAATGTAGTTGATTTTGTATATTGATCTTTTATCCTGCAGCCTTGCTAACTCTCTTATTCCAGTAGCTTTATTGTAGATTCTGTTGTATTTTCTGGAGATACTCCTGTTGTCCATGAAGAAAGACAACTTGCCTATTCCACTGGGCTGGAACTCCCAGTATAATTTTGAACAGAAATGGTAATCGTAGATATTCTTGCCTTGTTCCTGATCTTAGAGCATTTTGTCTTTACTATTAACTGTGGTGTTAGCTCTAAGTTTGTCATAGATACCCTTTATCAACTGAAGAATGTGTCCTATTCCTAGTTTGCTAAAAGTTTTTATCAAAAATTATTATTGAACTTTTGTCAAATGCATTTTCTATGTCTAATGAGATGATTATATGTTTTTTTCTTGAT,45985840,45986303,"[45986078, 'T', 'C']"
1,43102462,rs7512851-A,intergenic_variant,"esophageal carcinoma, gastric carcinoma",CAGAGCCAGTGCTGACAGCAGGGAGAAGCCAGGCAGCAGGAGCAGCCACTTCTGAGCCTGCAAGGGCAGGGGTGCCTTCCTGGGCACCCAAGAGTACGGGGATGCCTGAGTCTGCAGCTGCAGTTTGTGTGGCTGCAGCTGCACAGAAGTGGGGAGGGGGGCAGGGCTCCTGCCTGCTCCATGAAGGGGGAGACCTCTGTGAAGTATAGCCATGGTTTGGGTGGCTGCAGCTTTACCTGAGAGTTCAGGAAGGCTGAGATCTGCAGCCATAACTTGGGGGACTGCAGCCACAACTTGAGCAGCTGCAGCCCAGCCCAGAAAGGCAGGGCTTCTGCCTCCTCCATGGAGTAGGAAGCCCAGGTCTGCAGTGTGCTTTGGGTGGCTTTGAGTGGCTACAGCTGTGCCCAGTAGGGCAGAGATCCTGCCTGCTCCATGGAGCAGGAGGCCATGTCTGCAGCCCTTGTTTGGGGGGCTGCAAC,43102213,43102691,"[43102462, 'G', 'A']"
2,54227422,rs138233937-T,intron_variant,"esophageal carcinoma, gastric carcinoma",TGTCAAAGAGTGAGTAATAAGTTTCTATTTTTCCAAAAGCAGTTTAACTAAGTATTAGGTGTTCAGGGACCAGATTCTTATTCGAGTCTTATTTTTAAGAGTTTGAAGTCAATAACTTATTTTCTTTGTCCCTCATCTCTTTTATTCCACTTATAAAGTATGCACACTGGGCTGAACAAAGTGGCTCTCGCCTGTATCCCAGCACTTTGGGAGGTCAATGTGGGCAGATCATGAGGTCAGGAGATCGAGACCATCCTGACCAACATGGTGAAAGCCCGTCTCTACTAAAATACAAAAAATTATCCGGTTCATGGTGGCGCGTGCCTGTAGTCCCAGCTACTTGGGAGGCTGAGGCAGAGGAATCGCTTGAACCTGGAAGGCCGAGACTGCGCCACTGCACTCCACCCTGGCAACAGAGCAAGACTCCATTTCAAAAAAAAAAAAAATATGCACACT,54227191,54227646,"[54227422, 'C', 'T']"
11,87944873,rs117977426-T,intron_variant,"esophageal carcinoma, gastric carcinoma",TCTTTTCTACTCTATACCTTCCATGAAATGGAGGGTGGTGGATATTTAGAGTCTTTCTGGGTCCCCAGTTTCTACTTTAACTTGTGACATATGGGACTTCTCACACTTACGCAGCCAAACCCATTTGAGCACCCTATCATCCCCTATGCCTCAGGACTTCTAGTAGGGTTTGGGGGTGTTTTTGTTTGTTTGTTTTTGAAGGAAGGTCATTGGAGCAGAACAGAGAGGTAGAAAATCTGACAAATCACTCACTTCTAAATAATGTTAGTTCATATGCTTAATTATTTAAACCTTTGTTTTCTGTTTGCATTCTGCTTTAATGACTCTCTTCTTTTGGAGCAATGGATGCCTCTGAACTAGCTAGACAAATGTAAGAGAGTTACAAGGTATCTTGAAAAGACACATGGGTAAATTTTAAATTTTTCATCTGACCACAAGTATGAATGG,87944667,87945113,"[87944873, 'G', 'T']"
14,96275234,rs189358636-A,non_coding_transcript_exon_variant,"esophageal carcinoma, gastric carcinoma",ATCCAGTGGGACCAGGGTGACCTTGAGGGAAGTAAATCAAGCATGGAGATGCCATGTCAAATCATGTCTTTATTTAAAATTTTGAGGTTTCGTTCATCATGGATGTTTTTGCATTACTTTTTATTTTTTAAAACTTTGCATTATTGTTTGATGACAGATGTGCTCCCACCTTAGACTTTGCGCCCAGCTGAGAGCCTCACTTGCCTCACCCTAATCCCACCCTGAGTGGGAGGGTGGAGGCTGCATTTCCAGCAGAGGGATCTGGCAGAGAAGCTTCTGCAGGCTTCTATTTCACACTCATCTGTAGACAATCCTCAGAGAAGGCCACAGAAGCTCTTTATCTGTATACAAAGCACATTTCTATTCTCTCATGCCCCAAACATGGGCTTTATCAGTCTGCCGTGAAAGTGCCACCAGGGGCAATTTTCATGTTGAGAGAGGGCCTGGTGTGCTGGCCCCCAGCCCCA,96274997,96275463,"[96275234, 'G', 'A']"
2,106071382,rs75460256-G,intron_variant,"esophageal carcinoma, gastric carcinoma",ACTCCCATTTCTGCCTGCCTCTGTCTTCACATGGGTGACCTCCGTGGATCCTCTCTTCTTCTTATAAAAACACCAGTCACTGGATTTCTGTCCATCTAAATCCCGTATGATAACATCTTGAGACCCTCTCAGTGATGGGTAAGGCTGTAAAAAAAAAAAAAAAAAAAAAAAAAAAAAAGAAAGAAAGAAAAGAAAAGAAAATAAAAAGAAAATAAAAATCTTGAGATCCTTAATGGATTATATCTGAAAAGACCCCATTTCCAAATAAGCTCACATTCAGGGGTTTCTGGTGGATAGGGGTTTCAGGAGGACACTATTCACTATTCAACGTATTACACCATGAAGTGAAAATTTGCAGGAAGATGCGCTTGACAGATGGCTGCGCCTCGTAGTAAGACACAGGGCTAAAAGAACAG,106071175,106071590,"[106071382, 'A', 'G']"
